NUM_MISSIONS,DATE
355,1965-10-01
572,1965-10-02
528,1965-10-03
473,1965-10-04
608,1965-10-05
559,1965-10-06
481,1965-10-07
585,1965-10-08
598,1965-10-09
732,1965-10-10
411,1965-10-11
385,1965-10-12
284,1965-10-13
356,1965-10-14
351,1965-10-15
429,1965-10-16
272,1965-10-17
379,1965-10-18
520,1965-10-19
479,1965-10-20
424,1965-10-21
504,1965-10-22
604,1965-10-23
523,1965-10-24
567,1965-10-25
666,1965-10-26
645,1965-10-27
480,1965-10-28
694,1965-10-29
726,1965-10-30
561,1965-10-31
675,1965-11-01
598,1965-11-02
484,1965-11-03
617,1965-11-04
572,1965-11-05
696,1965-11-06
542,1965-11-07
548,1965-11-08
612,1965-11-09
601,1965-11-10
729,1965-11-11
674,1965-11-12
765,1965-11-13
594,1965-11-14
654,1965-11-15
636,1965-11-16
669,1965-11-17
792,1965-11-18
712,1965-11-19
536,1965-11-20
542,1965-11-21
476,1965-11-22
596,1965-11-23
592,1965-11-24
499,1965-11-25
493,1965-11-26
399,1965-11-27
505,1965-11-28
585,1965-11-29
577,1965-11-30
533,1965-12-01
584,1965-12-02
637,1965-12-03
541,1965-12-04
582,1965-12-05
609,1965-12-06
593,1965-12-07
673,1965-12-08
727,1965-12-09
663,1965-12-10
633,1965-12-11
798,1965-12-12
688,1965-12-13
837,1965-12-14
680,1965-12-15
602,1965-12-16
471,1965-12-17
404,1965-12-18
523,1965-12-19
486,1965-12-20
605,1965-12-21
733,1965-12-22
681,1965-12-23
620,1965-12-24
10,1965-12-25
387,1965-12-26
567,1965-12-27
760,1965-12-28
724,1965-12-29
680,1965-12-30
656,1965-12-31
376,1966-01-01
483,1966-01-02
480,1966-01-03
491,1966-01-04
497,1966-01-05
544,1966-01-06
489,1966-01-07
501,1966-01-08
546,1966-01-09
482,1966-01-10
553,1966-01-11
442,1966-01-12
520,1966-01-13
444,1966-01-14
422,1966-01-15
502,1966-01-16
474,1966-01-17
440,1966-01-18
460,1966-01-19
196,1966-01-20
107,1966-01-21
114,1966-01-22
235,1966-01-23
479,1966-01-24
490,1966-01-25
480,1966-01-26
489,1966-01-27
385,1966-01-28
402,1966-01-29
500,1966-01-30
586,1966-01-31
572,1966-02-01
479,1966-02-02
579,1966-02-03
520,1966-02-04
401,1966-02-05
459,1966-02-06
560,1966-02-07
562,1966-02-08
503,1966-02-09
614,1966-02-10
568,1966-02-11
601,1966-02-12
496,1966-02-13
492,1966-02-14
598,1966-02-15
465,1966-02-16
471,1966-02-17
511,1966-02-18
455,1966-02-19
429,1966-02-20
470,1966-02-21
522,1966-02-22
403,1966-02-23
364,1966-02-24
457,1966-02-25
525,1966-02-26
632,1966-02-27
593,1966-02-28
623,1966-03-01
519,1966-03-02
589,1966-03-03
703,1966-03-04
583,1966-03-05
719,1966-03-06
722,1966-03-07
560,1966-03-08
479,1966-03-09
490,1966-03-10
487,1966-03-11
610,1966-03-12
687,1966-03-13
704,1966-03-14
573,1966-03-15
578,1966-03-16
637,1966-03-17
564,1966-03-18
532,1966-03-19
635,1966-03-20
689,1966-03-21
663,1966-03-22
670,1966-03-23
704,1966-03-24
553,1966-03-25
494,1966-03-26
492,1966-03-27
590,1966-03-28
623,1966-03-29
556,1966-03-30
600,1966-03-31
1041,1966-04-01
1040,1966-04-02
1314,1966-04-03
1146,1966-04-04
1019,1966-04-05
1073,1966-04-06
948,1966-04-07
882,1966-04-08
817,1966-04-09
798,1966-04-10
935,1966-04-11
841,1966-04-12
907,1966-04-13
1120,1966-04-14
949,1966-04-15
1037,1966-04-16
922,1966-04-17
917,1966-04-18
974,1966-04-19
965,1966-04-20
1166,1966-04-21
1106,1966-04-22
1185,1966-04-23
1075,1966-04-24
1069,1966-04-25
1157,1966-04-26
1247,1966-04-27
1366,1966-04-28
1145,1966-04-29
1114,1966-04-30
510,1966-05-01
440,1966-05-02
388,1966-05-03
309,1966-05-04
496,1966-05-05
442,1966-05-06
201,1966-05-07
396,1966-05-08
454,1966-05-09
644,1966-05-10
637,1966-05-11
599,1966-05-12
617,1966-05-13
490,1966-05-14
423,1966-05-15
433,1966-05-16
412,1966-05-17
453,1966-05-18
441,1966-05-19
410,1966-05-20
468,1966-05-21
525,1966-05-22
427,1966-05-23
525,1966-05-24
495,1966-05-25
441,1966-05-26
362,1966-05-27
448,1966-05-28
481,1966-05-29
431,1966-05-30
502,1966-05-31
563,1966-06-01
602,1966-06-02
597,1966-06-03
435,1966-06-04
519,1966-06-05
534,1966-06-06
581,1966-06-07
613,1966-06-08
591,1966-06-09
552,1966-06-10
584,1966-06-11
549,1966-06-12
539,1966-06-13
572,1966-06-14
665,1966-06-15
610,1966-06-16
569,1966-06-17
559,1966-06-18
592,1966-06-19
610,1966-06-20
585,1966-06-21
518,1966-06-22
578,1966-06-23
590,1966-06-24
532,1966-06-25
626,1966-06-26
581,1966-06-27
503,1966-06-28
528,1966-06-29
514,1966-06-30
510,1966-07-01
608,1966-07-02
587,1966-07-03
655,1966-07-04
720,1966-07-05
747,1966-07-06
664,1966-07-07
667,1966-07-08
692,1966-07-09
794,1966-07-10
738,1966-07-11
672,1966-07-12
671,1966-07-13
688,1966-07-14
676,1966-07-15
746,1966-07-16
713,1966-07-17
649,1966-07-18
803,1966-07-19
753,1966-07-20
769,1966-07-21
712,1966-07-22
677,1966-07-23
740,1966-07-24
571,1966-07-25
669,1966-07-26
812,1966-07-27
726,1966-07-28
811,1966-07-29
795,1966-07-30
747,1966-07-31
599,1966-08-01
405,1966-08-02
680,1966-08-03
701,1966-08-04
693,1966-08-05
765,1966-08-06
798,1966-08-07
794,1966-08-08
824,1966-08-09
705,1966-08-10
752,1966-08-11
752,1966-08-12
770,1966-08-13
779,1966-08-14
763,1966-08-15
765,1966-08-16
595,1966-08-17
697,1966-08-18
740,1966-08-19
707,1966-08-20
708,1966-08-21
595,1966-08-22
604,1966-08-23
794,1966-08-24
828,1966-08-25
801,1966-08-26
686,1966-08-27
643,1966-08-28
757,1966-08-29
758,1966-08-30
581,1966-08-31
871,1966-09-01
965,1966-09-02
1045,1966-09-03
1205,1966-09-04
1164,1966-09-05
1235,1966-09-06
956,1966-09-07
1120,1966-09-08
1083,1966-09-09
972,1966-09-10
896,1966-09-11
832,1966-09-12
826,1966-09-13
764,1966-09-14
920,1966-09-15
927,1966-09-16
831,1966-09-17
862,1966-09-18
898,1966-09-19
857,1966-09-20
898,1966-09-21
893,1966-09-22
812,1966-09-23
761,1966-09-24
812,1966-09-25
845,1966-09-26
1002,1966-09-27
881,1966-09-28
1008,1966-09-29
657,1966-09-30
1012,1966-10-01
1205,1966-10-02
1174,1966-10-03
1102,1966-10-04
776,1966-10-05
1029,1966-10-06
1152,1966-10-07
985,1966-10-08
944,1966-10-09
1200,1966-10-10
925,1966-10-11
1012,1966-10-12
1044,1966-10-13
1045,1966-10-14
786,1966-10-15
800,1966-10-16
607,1966-10-17
593,1966-10-18
682,1966-10-19
658,1966-10-20
693,1966-10-21
488,1966-10-22
436,1966-10-23
561,1966-10-24
595,1966-10-25
671,1966-10-26
849,1966-10-27
706,1966-10-28
747,1966-10-29
748,1966-10-30
785,1966-10-31
960,1966-11-01
1119,1966-11-02
1161,1966-11-03
1112,1966-11-04
1024,1966-11-05
1008,1966-11-06
1123,1966-11-07
1027,1966-11-08
1043,1966-11-09
893,1966-11-10
910,1966-11-11
662,1966-11-12
918,1966-11-13
761,1966-11-14
605,1966-11-15
532,1966-11-16
705,1966-11-17
705,1966-11-18
798,1966-11-19
791,1966-11-20
714,1966-11-21
878,1966-11-22
886,1966-11-23
1107,1966-11-24
476,1966-11-25
524,1966-11-26
559,1966-11-27
696,1966-11-28
730,1966-11-29
648,1966-11-30
662,1966-12-01
692,1966-12-02
673,1966-12-03
951,1966-12-04
856,1966-12-05
787,1966-12-06
864,1966-12-07
844,1966-12-08
833,1966-12-09
901,1966-12-10
1059,1966-12-11
1055,1966-12-12
869,1966-12-13
790,1966-12-14
851,1966-12-15
821,1966-12-16
810,1966-12-17
980,1966-12-18
1154,1966-12-19
1115,1966-12-20
1109,1966-12-21
756,1966-12-22
629,1966-12-23
166,1966-12-24
188,1966-12-25
747,1966-12-26
690,1966-12-27
620,1966-12-28
654,1966-12-29
588,1966-12-30
156,1966-12-31
77,1967-01-01
546,1967-01-02
696,1967-01-03
731,1967-01-04
809,1967-01-05
915,1967-01-06
818,1967-01-07
806,1967-01-08
893,1967-01-09
772,1967-01-10
822,1967-01-11
1058,1967-01-12
996,1967-01-13
789,1967-01-14
839,1967-01-15
813,1967-01-16
930,1967-01-17
934,1967-01-18
1081,1967-01-19
1124,1967-01-20
1117,1967-01-21
809,1967-01-22
811,1967-01-23
875,1967-01-24
982,1967-01-25
1134,1967-01-26
1021,1967-01-27
1234,1967-01-28
1098,1967-01-29
934,1967-01-30
1007,1967-01-31
1015,1967-02-01
1055,1967-02-02
1225,1967-02-03
1228,1967-02-04
1223,1967-02-05
1303,1967-02-06
1148,1967-02-07
350,1967-02-08
300,1967-02-09
321,1967-02-10
317,1967-02-11
876,1967-02-12
1083,1967-02-13
952,1967-02-14
1205,1967-02-15
1177,1967-02-16
1263,1967-02-17
1141,1967-02-18
1231,1967-02-19
1301,1967-02-20
1296,1967-02-21
1177,1967-02-22
1189,1967-02-23
1182,1967-02-24
1047,1967-02-25
907,1967-02-26
1005,1967-02-27
1036,1967-02-28
1113,1967-03-01
1176,1967-03-02
1100,1967-03-03
944,1967-03-04
918,1967-03-05
798,1967-03-06
820,1967-03-07
937,1967-03-08
937,1967-03-09
682,1967-03-10
804,1967-03-11
961,1967-03-12
1082,1967-03-13
1165,1967-03-14
866,1967-03-15
1013,1967-03-16
1001,1967-03-17
862,1967-03-18
1013,1967-03-19
949,1967-03-20
955,1967-03-21
886,1967-03-22
969,1967-03-23
943,1967-03-24
906,1967-03-25
1039,1967-03-26
1100,1967-03-27
1140,1967-03-28
1046,1967-03-29
1123,1967-03-30
1231,1967-03-31
1126,1967-04-01
1011,1967-04-02
1072,1967-04-03
936,1967-04-04
958,1967-04-05
1030,1967-04-06
1070,1967-04-07
1194,1967-04-08
1126,1967-04-09
1146,1967-04-10
1076,1967-04-11
948,1967-04-12
813,1967-04-13
1091,1967-04-14
1160,1967-04-15
1139,1967-04-16
1111,1967-04-17
1103,1967-04-18
1218,1967-04-19
1018,1967-04-20
1279,1967-04-21
1215,1967-04-22
1118,1967-04-23
929,1967-04-24
1079,1967-04-25
1142,1967-04-26
1155,1967-04-27
1240,1967-04-28
1114,1967-04-29
1222,1967-04-30
2274,1967-05-01
2055,1967-05-02
2409,1967-05-03
2137,1967-05-04
2344,1967-05-05
1568,1967-05-06
2261,1967-05-07
2237,1967-05-08
2277,1967-05-09
2516,1967-05-10
2443,1967-05-11
2401,1967-05-12
2090,1967-05-13
2352,1967-05-14
2293,1967-05-15
2657,1967-05-16
2486,1967-05-17
2361,1967-05-18
2321,1967-05-19
2480,1967-05-20
2323,1967-05-21
2401,1967-05-22
887,1967-05-23
2420,1967-05-24
2246,1967-05-25
2469,1967-05-26
2102,1967-05-27
2139,1967-05-28
2154,1967-05-29
2113,1967-05-30
2101,1967-05-31
1062,1967-06-01
1067,1967-06-02
1055,1967-06-03
785,1967-06-04
840,1967-06-05
824,1967-06-06
1072,1967-06-07
906,1967-06-08
969,1967-06-09
1080,1967-06-10
1123,1967-06-11
1027,1967-06-12
1076,1967-06-13
1173,1967-06-14
1119,1967-06-15
1307,1967-06-16
1173,1967-06-17
1266,1967-06-18
1296,1967-06-19
1245,1967-06-20
1171,1967-06-21
1276,1967-06-22
1299,1967-06-23
1151,1967-06-24
1167,1967-06-25
1038,1967-06-26
1064,1967-06-27
1170,1967-06-28
1122,1967-06-29
919,1967-06-30
1034,1967-07-01
1114,1967-07-02
1058,1967-07-03
1146,1967-07-04
1137,1967-07-05
1133,1967-07-06
1003,1967-07-07
1067,1967-07-08
1008,1967-07-09
933,1967-07-10
1105,1967-07-11
1064,1967-07-12
1160,1967-07-13
1022,1967-07-14
1057,1967-07-15
1031,1967-07-16
1043,1967-07-17
1098,1967-07-18
1079,1967-07-19
1032,1967-07-20
1131,1967-07-21
957,1967-07-22
1292,1967-07-23
1210,1967-07-24
1136,1967-07-25
1205,1967-07-26
1138,1967-07-27
1059,1967-07-28
1016,1967-07-29
940,1967-07-30
1035,1967-07-31
1037,1967-08-01
1114,1967-08-02
1252,1967-08-03
1178,1967-08-04
1096,1967-08-05
1254,1967-08-06
1333,1967-08-07
1022,1967-08-08
1073,1967-08-09
1128,1967-08-10
1272,1967-08-11
1227,1967-08-12
1059,1967-08-13
1062,1967-08-14
1252,1967-08-15
899,1967-08-16
1122,1967-08-17
1131,1967-08-18
1392,1967-08-19
1127,1967-08-20
871,1967-08-21
1453,1967-08-22
1219,1967-08-23
1139,1967-08-24
888,1967-08-25
793,1967-08-26
1104,1967-08-27
1145,1967-08-28
1190,1967-08-29
1079,1967-08-30
1079,1967-08-31
2364,1967-09-01
2404,1967-09-02
2283,1967-09-03
2167,1967-09-04
1790,1967-09-05
1653,1967-09-06
2158,1967-09-07
1949,1967-09-08
2157,1967-09-09
2152,1967-09-10
2121,1967-09-11
1760,1967-09-12
1802,1967-09-13
1354,1967-09-14
1489,1967-09-15
1463,1967-09-16
1485,1967-09-17
1590,1967-09-18
1594,1967-09-19
1963,1967-09-20
2113,1967-09-21
1711,1967-09-22
1825,1967-09-23
1460,1967-09-24
1891,1967-09-25
2353,1967-09-26
2398,1967-09-27
2309,1967-09-28
2268,1967-09-29
2032,1967-09-30
841,1967-10-01
1056,1967-10-02
867,1967-10-03
981,1967-10-04
1174,1967-10-05
1216,1967-10-06
1106,1967-10-07
750,1967-10-08
895,1967-10-09
971,1967-10-10
963,1967-10-11
1188,1967-10-12
1315,1967-10-13
1215,1967-10-14
889,1967-10-15
1091,1967-10-16
1094,1967-10-17
1077,1967-10-18
838,1967-10-19
988,1967-10-20
1177,1967-10-21
1157,1967-10-22
1183,1967-10-23
1196,1967-10-24
1320,1967-10-25
1245,1967-10-26
1138,1967-10-27
1231,1967-10-28
1225,1967-10-29
1326,1967-10-30
1249,1967-10-31
10,1967-11-01
8,1967-11-02
8,1967-11-03
10,1967-11-04
12,1967-11-05
2,1967-11-06
10,1967-11-07
12,1967-11-08
8,1967-11-09
9,1967-11-10
12,1967-11-11
8,1967-11-12
5,1967-11-13
4,1967-11-14
10,1967-11-15
6,1967-11-16
6,1967-11-17
10,1967-11-18
10,1967-11-19
7,1967-11-20
6,1967-11-21
10,1967-11-22
6,1967-11-23
9,1967-11-24
4,1967-11-25
12,1967-11-26
8,1967-11-27
10,1967-11-28
7,1967-11-29
8,1967-11-30
995,1967-12-01
903,1967-12-02
1154,1967-12-03
1246,1967-12-04
1202,1967-12-05
1125,1967-12-06
1113,1967-12-07
1058,1967-12-08
1231,1967-12-09
1022,1967-12-10
975,1967-12-11
1024,1967-12-12
941,1967-12-13
1138,1967-12-14
1190,1967-12-15
1260,1967-12-16
1280,1967-12-17
1214,1967-12-18
1310,1967-12-19
1283,1967-12-20
1167,1967-12-21
1233,1967-12-22
1395,1967-12-23
1031,1967-12-24
817,1967-12-25
1430,1967-12-26
1345,1967-12-27
1286,1967-12-28
1034,1967-12-29
1081,1967-12-30
935,1967-12-31
473,1968-01-01
1383,1968-01-02
1187,1968-01-03
1442,1968-01-04
1312,1968-01-05
1262,1968-01-06
1070,1968-01-07
1144,1968-01-08
1257,1968-01-09
1199,1968-01-10
1348,1968-01-11
1370,1968-01-12
1146,1968-01-13
1295,1968-01-14
1350,1968-01-15
1347,1968-01-16
1325,1968-01-17
1457,1968-01-18
1454,1968-01-19
1325,1968-01-20
1307,1968-01-21
1532,1968-01-22
1261,1968-01-23
1304,1968-01-24
1356,1968-01-25
1387,1968-01-26
1174,1968-01-27
1244,1968-01-28
1408,1968-01-29
1287,1968-01-30
1294,1968-01-31
1435,1968-02-01
1272,1968-02-02
1281,1968-02-03
1254,1968-02-04
1268,1968-02-05
1281,1968-02-06
1275,1968-02-07
1216,1968-02-08
1243,1968-02-09
1185,1968-02-10
1215,1968-02-11
1226,1968-02-12
1210,1968-02-13
1237,1968-02-14
1185,1968-02-15
1191,1968-02-16
1250,1968-02-17
1295,1968-02-18
1290,1968-02-19
1173,1968-02-20
1126,1968-02-21
1236,1968-02-22
1157,1968-02-23
1070,1968-02-24
1068,1968-02-25
1172,1968-02-26
1409,1968-02-27
1596,1968-02-28
2663,1968-02-29
1157,1968-03-01
1143,1968-03-02
1234,1968-03-03
1217,1968-03-04
1159,1968-03-05
1454,1968-03-06
1400,1968-03-07
1341,1968-03-08
1276,1968-03-09
1246,1968-03-10
1421,1968-03-11
1291,1968-03-12
1233,1968-03-13
1538,1968-03-14
1533,1968-03-15
1422,1968-03-16
1472,1968-03-17
1200,1968-03-18
1409,1968-03-19
1465,1968-03-20
1402,1968-03-21
1324,1968-03-22
1261,1968-03-23
1236,1968-03-24
1231,1968-03-25
1203,1968-03-26
1297,1968-03-27
1310,1968-03-28
1153,1968-03-29
1154,1968-03-30
980,1968-03-31
995,1968-04-01
1220,1968-04-02
1172,1968-04-03
1156,1968-04-04
1346,1968-04-05
1207,1968-04-06
1307,1968-04-07
1478,1968-04-08
1640,1968-04-09
1544,1968-04-10
1137,1968-04-11
1245,1968-04-12
1304,1968-04-13
1310,1968-04-14
1517,1968-04-15
1399,1968-04-16
1658,1968-04-17
1820,1968-04-18
1555,1968-04-19
1500,1968-04-20
1624,1968-04-21
1706,1968-04-22
1519,1968-04-23
1347,1968-04-24
20,1968-04-25
20,1968-04-26
20,1968-04-27
22,1968-04-28
24,1968-04-29
20,1968-04-30
1126,1968-05-01
1280,1968-05-02
1667,1968-05-03
1651,1968-05-04
1721,1968-05-05
1660,1968-05-06
1723,1968-05-07
1848,1968-05-08
1421,1968-05-09
1673,1968-05-10
3205,1968-05-11
2856,1968-05-12
2998,1968-05-13
2703,1968-05-14
2933,1968-05-15
2919,1968-05-16
2798,1968-05-17
2983,1968-05-18
3042,1968-05-19
2798,1968-05-20
2935,1968-05-21
3205,1968-05-22
3045,1968-05-23
2873,1968-05-24
3143,1968-05-25
3038,1968-05-26
2856,1968-05-27
2514,1968-05-28
2749,1968-05-29
2572,1968-05-30
2517,1968-05-31
2311,1968-06-01
2696,1968-06-02
2976,1968-06-03
2516,1968-06-04
2989,1968-06-05
2998,1968-06-06
3344,1968-06-07
2889,1968-06-08
2970,1968-06-09
3000,1968-06-10
3191,1968-06-11
3069,1968-06-12
2938,1968-06-13
2695,1968-06-14
3077,1968-06-15
3140,1968-06-16
2710,1968-06-17
2987,1968-06-18
3229,1968-06-19
3052,1968-06-20
2517,1968-06-21
2927,1968-06-22
3239,1968-06-23
3103,1968-06-24
2995,1968-06-25
2778,1968-06-26
2842,1968-06-27
2678,1968-06-28
2669,1968-06-29
2677,1968-06-30
1274,1968-07-01
1274,1968-07-02
1372,1968-07-03
1417,1968-07-04
1397,1968-07-05
1461,1968-07-06
1505,1968-07-07
1612,1968-07-08
1478,1968-07-09
1447,1968-07-10
1503,1968-07-11
1380,1968-07-12
1489,1968-07-13
1269,1968-07-14
1165,1968-07-15
1202,1968-07-16
929,1968-07-17
1353,1968-07-18
1732,1968-07-19
1599,1968-07-20
1363,1968-07-21
1431,1968-07-22
1340,1968-07-23
1263,1968-07-24
1310,1968-07-25
1325,1968-07-26
21,1968-07-27
20,1968-07-28
21,1968-07-29
20,1968-07-30
24,1968-07-31
1485,1968-08-01
1383,1968-08-02
1545,1968-08-03
1374,1968-08-04
1384,1968-08-05
1484,1968-08-06
1604,1968-08-07
1557,1968-08-08
1660,1968-08-09
1551,1968-08-10
1251,1968-08-11
1093,1968-08-12
975,1968-08-13
1508,1968-08-14
1491,1968-08-15
1397,1968-08-16
1291,1968-08-17
1431,1968-08-18
1501,1968-08-19
1558,1968-08-20
1783,1968-08-21
1469,1968-08-22
1769,1968-08-23
1898,1968-08-24
1734,1968-08-25
1809,1968-08-26
1456,1968-08-27
1554,1968-08-28
1380,1968-08-29
1747,1968-08-30
1661,1968-08-31
1779,1968-09-01
2906,1968-09-02
2865,1968-09-03
1660,1968-09-04
1486,1968-09-05
2115,1968-09-06
3015,1968-09-07
3056,1968-09-08
3021,1968-09-09
2930,1968-09-10
3032,1968-09-11
2896,1968-09-12
2828,1968-09-13
3226,1968-09-14
3107,1968-09-15
3229,1968-09-16
3220,1968-09-17
3267,1968-09-18
3143,1968-09-19
3043,1968-09-20
2513,1968-09-21
2562,1968-09-22
2835,1968-09-23
2883,1968-09-24
2849,1968-09-25
2804,1968-09-26
2941,1968-09-27
3078,1968-09-28
2720,1968-09-29
2859,1968-09-30
1639,1968-10-01
1725,1968-10-02
1816,1968-10-03
1757,1968-10-04
1742,1968-10-05
1863,1968-10-06
1987,1968-10-07
1613,1968-10-08
1450,1968-10-09
1620,1968-10-10
1626,1968-10-11
1439,1968-10-12
1516,1968-10-13
1234,1968-10-14
1213,1968-10-15
1226,1968-10-16
1111,1968-10-17
964,1968-10-18
713,1968-10-19
854,1968-10-20
1186,1968-10-21
1239,1968-10-22
1786,1968-10-23
1653,1968-10-24
1535,1968-10-25
1672,1968-10-26
1575,1968-10-27
1585,1968-10-28
1426,1968-10-29
1446,1968-10-30
1512,1968-10-31
1060,1968-11-01
1161,1968-11-02
1221,1968-11-03
1277,1968-11-04
1270,1968-11-05
1112,1968-11-06
1199,1968-11-07
1180,1968-11-08
823,1968-11-09
1054,1968-11-10
1146,1968-11-11
1055,1968-11-12
986,1968-11-13
1176,1968-11-14
1124,1968-11-15
1121,1968-11-16
1058,1968-11-17
1086,1968-11-18
1032,1968-11-19
1218,1968-11-20
1149,1968-11-21
806,1968-11-22
982,1968-11-23
957,1968-11-24
1150,1968-11-25
1263,1968-11-26
1033,1968-11-27
1029,1968-11-28
1207,1968-11-29
1170,1968-11-30
1260,1968-12-01
1304,1968-12-02
1161,1968-12-03
1305,1968-12-04
1001,1968-12-05
1153,1968-12-06
1278,1968-12-07
1013,1968-12-08
994,1968-12-09
1374,1968-12-10
1225,1968-12-11
891,1968-12-12
1235,1968-12-13
1396,1968-12-14
1218,1968-12-15
1231,1968-12-16
1183,1968-12-17
1449,1968-12-18
1416,1968-12-19
1388,1968-12-20
1331,1968-12-21
940,1968-12-22
1266,1968-12-23
1109,1968-12-24
813,1968-12-25
1421,1968-12-26
1206,1968-12-27
1274,1968-12-28
1360,1968-12-29
1201,1968-12-30
1200,1968-12-31
1306,1969-01-01
1182,1969-01-02
1071,1969-01-03
939,1969-01-04
1107,1969-01-05
995,1969-01-06
995,1969-01-07
1271,1969-01-08
1403,1969-01-09
1204,1969-01-10
1314,1969-01-11
1320,1969-01-12
1145,1969-01-13
1280,1969-01-14
1075,1969-01-15
1125,1969-01-16
1158,1969-01-17
1131,1969-01-18
1275,1969-01-19
1163,1969-01-20
1061,1969-01-21
1271,1969-01-22
1272,1969-01-23
1244,1969-01-24
1248,1969-01-25
1153,1969-01-26
1192,1969-01-27
1176,1969-01-28
1150,1969-01-29
1238,1969-01-30
1104,1969-01-31
1085,1969-02-01
1181,1969-02-02
1264,1969-02-03
1253,1969-02-04
1016,1969-02-05
1226,1969-02-06
1158,1969-02-07
1198,1969-02-08
1314,1969-02-09
1287,1969-02-10
1407,1969-02-11
1329,1969-02-12
1280,1969-02-13
1355,1969-02-14
1083,1969-02-15
1127,1969-02-16
832,1969-02-17
1277,1969-02-18
1130,1969-02-19
1233,1969-02-20
1349,1969-02-21
1328,1969-02-22
1361,1969-02-23
1257,1969-02-24
1462,1969-02-25
1346,1969-02-26
1426,1969-02-27
765,1969-02-28
1293,1969-03-01
1302,1969-03-02
444,1969-03-03
20,1969-03-04
20,1969-03-05
20,1969-03-06
20,1969-03-07
34,1969-03-08
12,1969-03-09
20,1969-03-10
20,1969-03-11
20,1969-03-12
20,1969-03-13
20,1969-03-14
20,1969-03-15
22,1969-03-16
36,1969-03-17
12,1969-03-18
20,1969-03-19
20,1969-03-20
19,1969-03-21
16,1969-03-22
18,1969-03-23
20,1969-03-24
17,1969-03-25
41,1969-03-26
1257,1969-03-27
1325,1969-03-28
1272,1969-03-29
908,1969-03-30
1008,1969-03-31
1203,1969-04-01
1402,1969-04-02
1115,1969-04-03
1190,1969-04-04
1005,1969-04-05
1302,1969-04-06
1347,1969-04-07
1183,1969-04-08
1277,1969-04-09
1311,1969-04-10
1266,1969-04-11
1303,1969-04-12
1132,1969-04-13
1343,1969-04-14
1237,1969-04-15
1122,1969-04-16
1152,1969-04-17
1184,1969-04-18
1172,1969-04-19
1191,1969-04-20
1169,1969-04-21
1286,1969-04-22
1287,1969-04-23
240,1969-04-24
18,1969-04-25
21,1969-04-26
21,1969-04-27
24,1969-04-28
25,1969-04-29
22,1969-04-30
1282,1969-05-01
1242,1969-05-02
1210,1969-05-03
1048,1969-05-04
1333,1969-05-05
1166,1969-05-06
1405,1969-05-07
1337,1969-05-08
1399,1969-05-09
1435,1969-05-10
1321,1969-05-11
1333,1969-05-12
1364,1969-05-13
1299,1969-05-14
1178,1969-05-15
1366,1969-05-16
1151,1969-05-17
1094,1969-05-18
1303,1969-05-19
1176,1969-05-20
1112,1969-05-21
1149,1969-05-22
1041,1969-05-23
987,1969-05-24
859,1969-05-25
759,1969-05-26
660,1969-05-27
676,1969-05-28
856,1969-05-29
410,1969-05-30
996,1969-05-31
1247,1969-06-01
1232,1969-06-02
2418,1969-06-03
2104,1969-06-04
2149,1969-06-05
2118,1969-06-06
2141,1969-06-07
2223,1969-06-08
2411,1969-06-09
2175,1969-06-10
2300,1969-06-11
2176,1969-06-12
2410,1969-06-13
2408,1969-06-14
2432,1969-06-15
2253,1969-06-16
2085,1969-06-17
1803,1969-06-18
2144,1969-06-19
2232,1969-06-20
2236,1969-06-21
2534,1969-06-22
2480,1969-06-23
2481,1969-06-24
2211,1969-06-25
2227,1969-06-26
2241,1969-06-27
2299,1969-06-28
2244,1969-06-29
1996,1969-06-30
1173,1969-07-01
1200,1969-07-02
1137,1969-07-03
1290,1969-07-04
1255,1969-07-05
1133,1969-07-06
1093,1969-07-07
1083,1969-07-08
1077,1969-07-09
1033,1969-07-10
840,1969-07-11
1047,1969-07-12
1056,1969-07-13
973,1969-07-14
1034,1969-07-15
977,1969-07-16
1051,1969-07-17
1068,1969-07-18
922,1969-07-19
1059,1969-07-20
998,1969-07-21
938,1969-07-22
952,1969-07-23
905,1969-07-24
965,1969-07-25
999,1969-07-26
985,1969-07-27
863,1969-07-28
948,1969-07-29
989,1969-07-30
1015,1969-07-31
864,1969-08-01
1003,1969-08-02
1015,1969-08-03
976,1969-08-04
1013,1969-08-05
1047,1969-08-06
994,1969-08-07
854,1969-08-08
907,1969-08-09
1080,1969-08-10
990,1969-08-11
879,1969-08-12
1160,1969-08-13
1189,1969-08-14
1155,1969-08-15
1087,1969-08-16
1032,1969-08-17
1184,1969-08-18
1110,1969-08-19
1182,1969-08-20
1183,1969-08-21
1140,1969-08-22
1148,1969-08-23
1135,1969-08-24
1078,1969-08-25
1112,1969-08-26
1119,1969-08-27
1067,1969-08-28
1045,1969-08-29
1028,1969-08-30
978,1969-08-31
811,1969-09-01
696,1969-09-02
796,1969-09-03
964,1969-09-04
1048,1969-09-05
1011,1969-09-06
933,1969-09-07
546,1969-09-08
595,1969-09-09
633,1969-09-10
1042,1969-09-11
847,1969-09-12
899,1969-09-13
961,1969-09-14
990,1969-09-15
959,1969-09-16
949,1969-09-17
764,1969-09-18
670,1969-09-19
808,1969-09-20
1025,1969-09-21
1020,1969-09-22
1094,1969-09-23
933,1969-09-24
1070,1969-09-25
1070,1969-09-26
1011,1969-09-27
930,1969-09-28
868,1969-09-29
807,1969-09-30
749,1969-10-01
731,1969-10-02
776,1969-10-03
672,1969-10-04
799,1969-10-05
768,1969-10-06
745,1969-10-07
747,1969-10-08
773,1969-10-09
706,1969-10-10
780,1969-10-11
791,1969-10-12
833,1969-10-13
773,1969-10-14
766,1969-10-15
708,1969-10-16
744,1969-10-17
810,1969-10-18
839,1969-10-19
885,1969-10-20
923,1969-10-21
874,1969-10-22
829,1969-10-23
770,1969-10-24
834,1969-10-25
733,1969-10-26
669,1969-10-27
748,1969-10-28
745,1969-10-29
748,1969-10-30
798,1969-10-31
917,1969-11-01
766,1969-11-02
871,1969-11-03
779,1969-11-04
717,1969-11-05
937,1969-11-06
853,1969-11-07
969,1969-11-08
966,1969-11-09
994,1969-11-10
969,1969-11-11
1118,1969-11-12
1041,1969-11-13
1079,1969-11-14
1131,1969-11-15
1067,1969-11-16
909,1969-11-17
916,1969-11-18
979,1969-11-19
1002,1969-11-20
1029,1969-11-21
1025,1969-11-22
868,1969-11-23
640,1969-11-24
825,1969-11-25
862,1969-11-26
774,1969-11-27
815,1969-11-28
615,1969-11-29
832,1969-11-30
993,1969-12-01
841,1969-12-02
967,1969-12-03
972,1969-12-04
983,1969-12-05
1042,1969-12-06
956,1969-12-07
768,1969-12-08
792,1969-12-09
868,1969-12-10
959,1969-12-11
910,1969-12-12
835,1969-12-13
933,1969-12-14
795,1969-12-15
788,1969-12-16
826,1969-12-17
827,1969-12-18
740,1969-12-19
921,1969-12-20
958,1969-12-21
1100,1969-12-22
1033,1969-12-23
780,1969-12-24
790,1969-12-25
1135,1969-12-26
863,1969-12-27
966,1969-12-28
1106,1969-12-29
1000,1969-12-30
1037,1969-12-31
1444,1970-01-01
1892,1970-01-02
1625,1970-01-03
1176,1970-01-04
1311,1970-01-05
1575,1970-01-06
1658,1970-01-07
1921,1970-01-08
1962,1970-01-09
1738,1970-01-10
1658,1970-01-11
1909,1970-01-12
1686,1970-01-13
1532,1970-01-14
1281,1970-01-15
1435,1970-01-16
1426,1970-01-17
1497,1970-01-18
1358,1970-01-19
1500,1970-01-20
1718,1970-01-21
1658,1970-01-22
1674,1970-01-23
1777,1970-01-24
1865,1970-01-25
1851,1970-01-26
1685,1970-01-27
1554,1970-01-28
1665,1970-01-29
1525,1970-01-30
1821,1970-01-31
1919,1970-02-01
1905,1970-02-02
1931,1970-02-03
1794,1970-02-04
1540,1970-02-05
1134,1970-02-06
1597,1970-02-07
1766,1970-02-08
1601,1970-02-09
1352,1970-02-10
1482,1970-02-11
1606,1970-02-12
1685,1970-02-13
1847,1970-02-14
1723,1970-02-15
1645,1970-02-16
1572,1970-02-17
1680,1970-02-18
1751,1970-02-19
1720,1970-02-20
1790,1970-02-21
1839,1970-02-22
1575,1970-02-23
1576,1970-02-24
1759,1970-02-25
1761,1970-02-26
1634,1970-02-27
1495,1970-02-28
1663,1970-03-01
1955,1970-03-02
1857,1970-03-03
1593,1970-03-04
1778,1970-03-05
2357,1970-03-06
2471,1970-03-07
1892,1970-03-08
2026,1970-03-09
1850,1970-03-10
1897,1970-03-11
1817,1970-03-12
1873,1970-03-13
1804,1970-03-14
1784,1970-03-15
1692,1970-03-16
1733,1970-03-17
2018,1970-03-18
1877,1970-03-19
1530,1970-03-20
1396,1970-03-21
1296,1970-03-22
1871,1970-03-23
2348,1970-03-24
2089,1970-03-25
2156,1970-03-26
1980,1970-03-27
1754,1970-03-28
1225,1970-03-29
2334,1970-03-30
2210,1970-03-31
1616,1970-04-01
1409,1970-04-02
1360,1970-04-03
1560,1970-04-04
1438,1970-04-05
1534,1970-04-06
1522,1970-04-07
1527,1970-04-08
1683,1970-04-09
1721,1970-04-10
1319,1970-04-11
1386,1970-04-12
1522,1970-04-13
1854,1970-04-14
1649,1970-04-15
1627,1970-04-16
1647,1970-04-17
1584,1970-04-18
1279,1970-04-19
1449,1970-04-20
1356,1970-04-21
1264,1970-04-22
1346,1970-04-23
1433,1970-04-24
1478,1970-04-25
1215,1970-04-26
1300,1970-04-27
1465,1970-04-28
1592,1970-04-29
1323,1970-04-30
1226,1970-05-01
1098,1970-05-02
1175,1970-05-03
1570,1970-05-04
1799,1970-05-05
1782,1970-05-06
1724,1970-05-07
1511,1970-05-08
1822,1970-05-09
1645,1970-05-10
1546,1970-05-11
1515,1970-05-12
1484,1970-05-13
1226,1970-05-14
798,1970-05-15
1040,1970-05-16
1166,1970-05-17
1231,1970-05-18
1384,1970-05-19
980,1970-05-20
1281,1970-05-21
1474,1970-05-22
1777,1970-05-23
1807,1970-05-24
1769,1970-05-25
1593,1970-05-26
1601,1970-05-27
1473,1970-05-28
1542,1970-05-29
1602,1970-05-30
1389,1970-05-31
1381,1970-06-01
1223,1970-06-02
1440,1970-06-03
1236,1970-06-04
1467,1970-06-05
1395,1970-06-06
1203,1970-06-07
1149,1970-06-08
795,1970-06-09
1063,1970-06-10
1141,1970-06-11
825,1970-06-12
691,1970-06-13
617,1970-06-14
877,1970-06-15
1029,1970-06-16
970,1970-06-17
920,1970-06-18
833,1970-06-19
1020,1970-06-20
818,1970-06-21
871,1970-06-22
883,1970-06-23
1277,1970-06-24
1200,1970-06-25
974,1970-06-26
996,1970-06-27
810,1970-06-28
1229,1970-06-29
925,1970-06-30
979,1970-07-01
1071,1970-07-02
1051,1970-07-03
998,1970-07-04
838,1970-07-05
699,1970-07-06
865,1970-07-07
514,1970-07-08
697,1970-07-09
748,1970-07-10
926,1970-07-11
956,1970-07-12
965,1970-07-13
790,1970-07-14
670,1970-07-15
760,1970-07-16
726,1970-07-17
803,1970-07-18
1030,1970-07-19
1111,1970-07-20
1204,1970-07-21
1229,1970-07-22
1239,1970-07-23
1177,1970-07-24
1074,1970-07-25
1060,1970-07-26
1074,1970-07-27
1260,1970-07-28
910,1970-07-29
1002,1970-07-30
1030,1970-07-31
1068,1970-08-01
907,1970-08-02
979,1970-08-03
867,1970-08-04
941,1970-08-05
1064,1970-08-06
973,1970-08-07
1179,1970-08-08
1133,1970-08-09
977,1970-08-10
1055,1970-08-11
1194,1970-08-12
1058,1970-08-13
945,1970-08-14
785,1970-08-15
779,1970-08-16
470,1970-08-17
420,1970-08-18
399,1970-08-19
583,1970-08-20
758,1970-08-21
614,1970-08-22
642,1970-08-23
577,1970-08-24
707,1970-08-25
543,1970-08-26
706,1970-08-27
787,1970-08-28
870,1970-08-29
1072,1970-08-30
910,1970-08-31
826,1970-09-01
762,1970-09-02
1108,1970-09-03
983,1970-09-04
692,1970-09-05
822,1970-09-06
788,1970-09-07
959,1970-09-08
681,1970-09-09
776,1970-09-10
844,1970-09-11
800,1970-09-12
953,1970-09-13
875,1970-09-14
837,1970-09-15
812,1970-09-16
735,1970-09-17
735,1970-09-18
782,1970-09-19
764,1970-09-20
905,1970-09-21
872,1970-09-22
790,1970-09-23
872,1970-09-24
715,1970-09-25
536,1970-09-26
423,1970-09-27
481,1970-09-28
466,1970-09-29
267,1970-09-30
372,1970-10-01
458,1970-10-02
388,1970-10-03
670,1970-10-04
845,1970-10-05
774,1970-10-06
691,1970-10-07
710,1970-10-08
531,1970-10-09
596,1970-10-10
598,1970-10-11
564,1970-10-12
509,1970-10-13
737,1970-10-14
550,1970-10-15
465,1970-10-16
667,1970-10-17
655,1970-10-18
683,1970-10-19
674,1970-10-20
549,1970-10-21
660,1970-10-22
604,1970-10-23
758,1970-10-24
483,1970-10-25
646,1970-10-26
362,1970-10-27
422,1970-10-28
302,1970-10-29
406,1970-10-30
453,1970-10-31
538,1970-11-01
706,1970-11-02
962,1970-11-03
959,1970-11-04
976,1970-11-05
880,1970-11-06
706,1970-11-07
630,1970-11-08
813,1970-11-09
688,1970-11-10
738,1970-11-11
761,1970-11-12
844,1970-11-13
1039,1970-11-14
743,1970-11-15
686,1970-11-16
626,1970-11-17
639,1970-11-18
749,1970-11-19
755,1970-11-20
439,1970-11-21
512,1970-11-22
809,1970-11-23
824,1970-11-24
1149,1970-11-25
991,1970-11-26
875,1970-11-27
828,1970-11-28
688,1970-11-29
696,1970-11-30
731,1970-12-01
828,1970-12-02
758,1970-12-03
895,1970-12-04
881,1970-12-05
1092,1970-12-06
974,1970-12-07
893,1970-12-08
886,1970-12-09
826,1970-12-10
1182,1970-12-11
1066,1970-12-12
870,1970-12-13
924,1970-12-14
1053,1970-12-15
1083,1970-12-16
963,1970-12-17
1026,1970-12-18
1015,1970-12-19
910,1970-12-20
794,1970-12-21
791,1970-12-22
914,1970-12-23
1084,1970-12-24
708,1970-12-25
831,1970-12-26
821,1970-12-27
1017,1970-12-28
873,1970-12-29
948,1970-12-30
965,1970-12-31
628,1971-01-01
571,1971-01-02
622,1971-01-03
604,1971-01-04
727,1971-01-05
713,1971-01-06
586,1971-01-07
703,1971-01-08
625,1971-01-09
728,1971-01-10
724,1971-01-11
803,1971-01-12
788,1971-01-13
768,1971-01-14
829,1971-01-15
816,1971-01-16
737,1971-01-17
768,1971-01-18
736,1971-01-19
755,1971-01-20
774,1971-01-21
793,1971-01-22
749,1971-01-23
892,1971-01-24
652,1971-01-25
660,1971-01-26
679,1971-01-27
764,1971-01-28
747,1971-01-29
713,1971-01-30
797,1971-01-31
922,1971-02-01
845,1971-02-02
815,1971-02-03
679,1971-02-04
815,1971-02-05
750,1971-02-06
828,1971-02-07
843,1971-02-08
879,1971-02-09
777,1971-02-10
884,1971-02-11
1013,1971-02-12
871,1971-02-13
868,1971-02-14
822,1971-02-15
806,1971-02-16
860,1971-02-17
898,1971-02-18
885,1971-02-19
862,1971-02-20
859,1971-02-21
1005,1971-02-22
872,1971-02-23
880,1971-02-24
513,1971-02-25
862,1971-02-26
872,1971-02-27
861,1971-02-28
910,1971-03-01
886,1971-03-02
906,1971-03-03
1011,1971-03-04
892,1971-03-05
913,1971-03-06
992,1971-03-07
982,1971-03-08
973,1971-03-09
1075,1971-03-10
1058,1971-03-11
981,1971-03-12
914,1971-03-13
928,1971-03-14
1018,1971-03-15
1127,1971-03-16
1058,1971-03-17
917,1971-03-18
966,1971-03-19
1083,1971-03-20
883,1971-03-21
795,1971-03-22
946,1971-03-23
930,1971-03-24
986,1971-03-25
934,1971-03-26
993,1971-03-27
901,1971-03-28
1035,1971-03-29
902,1971-03-30
916,1971-03-31
879,1971-04-01
878,1971-04-02
901,1971-04-03
938,1971-04-04
770,1971-04-05
968,1971-04-06
929,1971-04-07
949,1971-04-08
863,1971-04-09
934,1971-04-10
959,1971-04-11
837,1971-04-12
1003,1971-04-13
921,1971-04-14
893,1971-04-15
875,1971-04-16
802,1971-04-17
954,1971-04-18
939,1971-04-19
924,1971-04-20
970,1971-04-21
845,1971-04-22
894,1971-04-23
864,1971-04-24
751,1971-04-25
812,1971-04-26
823,1971-04-27
936,1971-04-28
761,1971-04-29
831,1971-04-30
653,1971-05-01
631,1971-05-02
806,1971-05-03
792,1971-05-04
700,1971-05-05
581,1971-05-06
749,1971-05-07
767,1971-05-08
806,1971-05-09
755,1971-05-10
759,1971-05-11
878,1971-05-12
760,1971-05-13
832,1971-05-14
781,1971-05-15
873,1971-05-16
730,1971-05-17
700,1971-05-18
474,1971-05-19
627,1971-05-20
596,1971-05-21
673,1971-05-22
685,1971-05-23
660,1971-05-24
628,1971-05-25
481,1971-05-26
694,1971-05-27
658,1971-05-28
711,1971-05-29
763,1971-05-30
828,1971-05-31
652,1971-06-01
565,1971-06-02
580,1971-06-03
738,1971-06-04
673,1971-06-05
674,1971-06-06
488,1971-06-07
521,1971-06-08
595,1971-06-09
577,1971-06-10
545,1971-06-11
671,1971-06-12
543,1971-06-13
508,1971-06-14
471,1971-06-15
421,1971-06-16
506,1971-06-17
555,1971-06-18
589,1971-06-19
562,1971-06-20
535,1971-06-21
529,1971-06-22
483,1971-06-23
483,1971-06-24
483,1971-06-25
487,1971-06-26
425,1971-06-27
419,1971-06-28
409,1971-06-29
558,1971-06-30
578,1971-07-01
517,1971-07-02
549,1971-07-03
511,1971-07-04
405,1971-07-05
223,1971-07-06
370,1971-07-07
398,1971-07-08
448,1971-07-09
385,1971-07-10
403,1971-07-11
186,1971-07-12
228,1971-07-13
287,1971-07-14
337,1971-07-15
285,1971-07-16
195,1971-07-17
250,1971-07-18
307,1971-07-19
341,1971-07-20
287,1971-07-21
224,1971-07-22
209,1971-07-23
314,1971-07-24
295,1971-07-25
304,1971-07-26
259,1971-07-27
335,1971-07-28
431,1971-07-29
387,1971-07-30
431,1971-07-31
402,1971-08-01
402,1971-08-02
373,1971-08-03
315,1971-08-04
301,1971-08-05
315,1971-08-06
267,1971-08-07
239,1971-08-08
253,1971-08-09
270,1971-08-10
307,1971-08-11
275,1971-08-12
284,1971-08-13
337,1971-08-14
417,1971-08-15
425,1971-08-16
336,1971-08-17
298,1971-08-18
216,1971-08-19
241,1971-08-20
336,1971-08-21
335,1971-08-22
287,1971-08-23
364,1971-08-24
319,1971-08-25
279,1971-08-26
331,1971-08-27
333,1971-08-28
339,1971-08-29
333,1971-08-30
307,1971-08-31
259,1971-09-01
294,1971-09-02
327,1971-09-03
385,1971-09-04
312,1971-09-05
339,1971-09-06
375,1971-09-07
370,1971-09-08
409,1971-09-09
341,1971-09-10
334,1971-09-11
332,1971-09-12
362,1971-09-13
358,1971-09-14
354,1971-09-15
258,1971-09-16
341,1971-09-17
280,1971-09-18
197,1971-09-19
229,1971-09-20
331,1971-09-21
346,1971-09-22
331,1971-09-23
308,1971-09-24
310,1971-09-25
309,1971-09-26
367,1971-09-27
358,1971-09-28
344,1971-09-29
250,1971-09-30
351,1971-10-01
344,1971-10-02
406,1971-10-03
361,1971-10-04
319,1971-10-05
207,1971-10-06
163,1971-10-07
210,1971-10-08
132,1971-10-09
136,1971-10-10
208,1971-10-11
328,1971-10-12
301,1971-10-13
312,1971-10-14
358,1971-10-15
416,1971-10-16
371,1971-10-17
401,1971-10-18
405,1971-10-19
379,1971-10-20
345,1971-10-21
192,1971-10-22
101,1971-10-23
129,1971-10-24
286,1971-10-25
167,1971-10-26
209,1971-10-27
254,1971-10-28
256,1971-10-29
346,1971-10-30
468,1971-10-31
386,1971-11-01
467,1971-11-02
497,1971-11-03
477,1971-11-04
461,1971-11-05
432,1971-11-06
470,1971-11-07
423,1971-11-08
404,1971-11-09
496,1971-11-10
531,1971-11-11
485,1971-11-12
449,1971-11-13
333,1971-11-14
528,1971-11-15
474,1971-11-16
554,1971-11-17
491,1971-11-18
448,1971-11-19
514,1971-11-20
633,1971-11-21
534,1971-11-22
486,1971-11-23
432,1971-11-24
394,1971-11-25
468,1971-11-26
500,1971-11-27
445,1971-11-28
275,1971-11-29
355,1971-11-30
523,1971-12-01
503,1971-12-02
428,1971-12-03
656,1971-12-04
681,1971-12-05
653,1971-12-06
595,1971-12-07
600,1971-12-08
614,1971-12-09
505,1971-12-10
447,1971-12-11
564,1971-12-12
573,1971-12-13
557,1971-12-14
646,1971-12-15
611,1971-12-16
577,1971-12-17
336,1971-12-18
350,1971-12-19
261,1971-12-20
384,1971-12-21
497,1971-12-22
524,1971-12-23
588,1971-12-24
379,1971-12-25
367,1971-12-26
455,1971-12-27
452,1971-12-28
483,1971-12-29
490,1971-12-30
420,1971-12-31
373,1972-01-01
457,1972-01-02
334,1972-01-03
364,1972-01-04
433,1972-01-05
442,1972-01-06
475,1972-01-07
508,1972-01-08
524,1972-01-09
533,1972-01-10
528,1972-01-11
478,1972-01-12
383,1972-01-13
369,1972-01-14
554,1972-01-15
623,1972-01-16
558,1972-01-17
632,1972-01-18
633,1972-01-19
559,1972-01-20
650,1972-01-21
718,1972-01-22
770,1972-01-23
644,1972-01-24
594,1972-01-25
590,1972-01-26
640,1972-01-27
616,1972-01-28
687,1972-01-29
738,1972-01-30
644,1972-01-31
680,1972-02-01
539,1972-02-02
600,1972-02-03
571,1972-02-04
606,1972-02-05
531,1972-02-06
406,1972-02-07
275,1972-02-08
272,1972-02-09
360,1972-02-10
730,1972-02-11
773,1972-02-12
689,1972-02-13
763,1972-02-14
867,1972-02-15
737,1972-02-16
726,1972-02-17
690,1972-02-18
768,1972-02-19
727,1972-02-20
743,1972-02-21
669,1972-02-22
566,1972-02-23
576,1972-02-24
594,1972-02-25
678,1972-02-26
715,1972-02-27
536,1972-02-28
480,1972-02-29
688,1972-03-01
734,1972-03-02
739,1972-03-03
720,1972-03-04
775,1972-03-05
679,1972-03-06
667,1972-03-07
660,1972-03-08
599,1972-03-09
627,1972-03-10
586,1972-03-11
538,1972-03-12
721,1972-03-13
725,1972-03-14
667,1972-03-15
706,1972-03-16
751,1972-03-17
584,1972-03-18
664,1972-03-19
570,1972-03-20
603,1972-03-21
639,1972-03-22
543,1972-03-23
623,1972-03-24
457,1972-03-25
530,1972-03-26
562,1972-03-27
625,1972-03-28
613,1972-03-29
509,1972-03-30
455,1972-03-31
494,1972-04-01
431,1972-04-02
467,1972-04-03
516,1972-04-04
509,1972-04-05
556,1972-04-06
636,1972-04-07
488,1972-04-08
472,1972-04-09
521,1972-04-10
519,1972-04-11
583,1972-04-12
569,1972-04-13
723,1972-04-14
565,1972-04-15
769,1972-04-16
715,1972-04-17
706,1972-04-18
834,1972-04-19
809,1972-04-20
630,1972-04-21
705,1972-04-22
662,1972-04-23
572,1972-04-24
754,1972-04-25
833,1972-04-26
727,1972-04-27
751,1972-04-28
722,1972-04-29
986,1972-04-30
1049,1972-05-01
1004,1972-05-02
970,1972-05-03
937,1972-05-04
811,1972-05-05
877,1972-05-06
966,1972-05-07
1018,1972-05-08
892,1972-05-09
794,1972-05-10
671,1972-05-11
716,1972-05-12
808,1972-05-13
804,1972-05-14
837,1972-05-15
953,1972-05-16
859,1972-05-17
871,1972-05-18
948,1972-05-19
846,1972-05-20
848,1972-05-21
919,1972-05-22
916,1972-05-23
1008,1972-05-24
855,1972-05-25
780,1972-05-26
998,1972-05-27
915,1972-05-28
1037,1972-05-29
786,1972-05-30
630,1972-05-31
717,1972-06-01
571,1972-06-02
618,1972-06-03
576,1972-06-04
839,1972-06-05
746,1972-06-06
857,1972-06-07
878,1972-06-08
874,1972-06-09
806,1972-06-10
1017,1972-06-11
1010,1972-06-12
875,1972-06-13
975,1972-06-14
1003,1972-06-15
1023,1972-06-16
915,1972-06-17
927,1972-06-18
887,1972-06-19
883,1972-06-20
915,1972-06-21
948,1972-06-22
1001,1972-06-23
848,1972-06-24
830,1972-06-25
823,1972-06-26
742,1972-06-27
909,1972-06-28
815,1972-06-29
722,1972-06-30
633,1972-07-01
771,1972-07-02
800,1972-07-03
676,1972-07-04
717,1972-07-05
740,1972-07-06
710,1972-07-07
739,1972-07-08
800,1972-07-09
776,1972-07-10
756,1972-07-11
711,1972-07-12
773,1972-07-13
742,1972-07-14
608,1972-07-15
640,1972-07-16
769,1972-07-17
843,1972-07-18
769,1972-07-19
863,1972-07-20
934,1972-07-21
877,1972-07-22
818,1972-07-23
835,1972-07-24
854,1972-07-25
729,1972-07-26
654,1972-07-27
549,1972-07-28
741,1972-07-29
745,1972-07-30
760,1972-07-31
815,1972-08-01
868,1972-08-02
907,1972-08-03
761,1972-08-04
643,1972-08-05
563,1972-08-06
751,1972-08-07
759,1972-08-08
696,1972-08-09
784,1972-08-10
756,1972-08-11
654,1972-08-12
727,1972-08-13
731,1972-08-14
797,1972-08-15
875,1972-08-16
969,1972-08-17
846,1972-08-18
850,1972-08-19
996,1972-08-20
897,1972-08-21
982,1972-08-22
895,1972-08-23
857,1972-08-24
736,1972-08-25
788,1972-08-26
800,1972-08-27
768,1972-08-28
964,1972-08-29
899,1972-08-30
769,1972-08-31
814,1972-09-01
462,1972-09-02
392,1972-09-03
439,1972-09-04
462,1972-09-05
602,1972-09-06
726,1972-09-07
622,1972-09-08
622,1972-09-09
680,1972-09-10
645,1972-09-11
676,1972-09-12
724,1972-09-13
647,1972-09-14
503,1972-09-15
533,1972-09-16
506,1972-09-17
621,1972-09-18
572,1972-09-19
837,1972-09-20
876,1972-09-21
845,1972-09-22
751,1972-09-23
690,1972-09-24
609,1972-09-25
670,1972-09-26
803,1972-09-27
671,1972-09-28
732,1972-09-29
615,1972-09-30
530,1972-10-01
322,1972-10-02
332,1972-10-03
386,1972-10-04
555,1972-10-05
547,1972-10-06
585,1972-10-07
595,1972-10-08
613,1972-10-09
563,1972-10-10
451,1972-10-11
478,1972-10-12
614,1972-10-13
705,1972-10-14
697,1972-10-15
707,1972-10-16
611,1972-10-17
701,1972-10-18
653,1972-10-19
674,1972-10-20
682,1972-10-21
503,1972-10-22
639,1972-10-23
681,1972-10-24
689,1972-10-25
552,1972-10-26
629,1972-10-27
738,1972-10-28
764,1972-10-29
818,1972-10-30
770,1972-10-31
809,1972-11-01
861,1972-11-02
779,1972-11-03
741,1972-11-04
757,1972-11-05
690,1972-11-06
409,1972-11-07
591,1972-11-08
751,1972-11-09
751,1972-11-10
719,1972-11-11
778,1972-11-12
988,1972-11-13
1035,1972-11-14
985,1972-11-15
727,1972-11-16
502,1972-11-17
474,1972-11-18
624,1972-11-19
572,1972-11-20
539,1972-11-21
654,1972-11-22
575,1972-11-23
618,1972-11-24
625,1972-11-25
647,1972-11-26
682,1972-11-27
598,1972-11-28
565,1972-11-29
620,1972-11-30
574,1972-12-01
569,1972-12-02
703,1972-12-03
773,1972-12-04
711,1972-12-05
652,1972-12-06
598,1972-12-07
556,1972-12-08
594,1972-12-09
584,1972-12-10
702,1972-12-11
636,1972-12-12
515,1972-12-13
634,1972-12-14
664,1972-12-15
608,1972-12-16
678,1972-12-17
524,1972-12-18
559,1972-12-19
448,1972-12-20
513,1972-12-21
434,1972-12-22
487,1972-12-23
365,1972-12-24
77,1972-12-25
417,1972-12-26
528,1972-12-27
502,1972-12-28
462,1972-12-29
607,1972-12-30
566,1972-12-31
196,1973-01-01
682,1973-01-02
668,1973-01-03
709,1973-01-04
730,1973-01-05
702,1973-01-06
715,1973-01-07
614,1973-01-08
841,1973-01-09
819,1973-01-10
685,1973-01-11
789,1973-01-12
740,1973-01-13
761,1973-01-14
774,1973-01-15
807,1973-01-16
779,1973-01-17
751,1973-01-18
816,1973-01-19
744,1973-01-20
765,1973-01-21
849,1973-01-22
865,1973-01-23
793,1973-01-24
786,1973-01-25
850,1973-01-26
825,1973-01-27
344,1973-01-28
359,1973-01-29
369,1973-01-30
358,1973-01-31
417,1973-02-01
501,1973-02-02
459,1973-02-03
491,1973-02-04
465,1973-02-05
529,1973-02-06
481,1973-02-07
483,1973-02-08
483,1973-02-09
576,1973-02-10
560,1973-02-11
568,1973-02-12
535,1973-02-13
606,1973-02-14
601,1973-02-15
593,1973-02-16
515,1973-02-17
500,1973-02-18
425,1973-02-19
401,1973-02-20
644,1973-02-21
224,1973-02-22
23,1973-02-23
69,1973-02-24
186,1973-02-25
64,1973-02-26
26,1973-02-27
25,1973-02-28
47,1973-03-01
34,1973-03-02
40,1973-03-03
31,1973-03-04
37,1973-03-05
58,1973-03-06
50,1973-03-07
42,1973-03-08
80,1973-03-09
145,1973-03-10
161,1973-03-11
195,1973-03-12
271,1973-03-13
309,1973-03-14
241,1973-03-15
319,1973-03-16
421,1973-03-17
386,1973-03-18
368,1973-03-19
382,1973-03-20
374,1973-03-21
410,1973-03-22
396,1973-03-23
373,1973-03-24
316,1973-03-25
387,1973-03-26
322,1973-03-27
321,1973-03-28
333,1973-03-29
327,1973-03-30
330,1973-03-31
288,1973-04-01
286,1973-04-02
302,1973-04-03
250,1973-04-04
303,1973-04-05
304,1973-04-06
360,1973-04-07
354,1973-04-08
315,1973-04-09
362,1973-04-10
328,1973-04-11
261,1973-04-12
281,1973-04-13
352,1973-04-14
348,1973-04-15
374,1973-04-16
364,1973-04-17
285,1973-04-18
313,1973-04-19
322,1973-04-20
291,1973-04-21
340,1973-04-22
370,1973-04-23
373,1973-04-24
332,1973-04-25
289,1973-04-26
297,1973-04-27
346,1973-04-28
347,1973-04-29
381,1973-04-30
296,1973-05-01
286,1973-05-02
293,1973-05-03
355,1973-05-04
306,1973-05-05
333,1973-05-06
366,1973-05-07
344,1973-05-08
322,1973-05-09
300,1973-05-10
368,1973-05-11
350,1973-05-12
342,1973-05-13
293,1973-05-14
411,1973-05-15
366,1973-05-16
379,1973-05-17
338,1973-05-18
352,1973-05-19
422,1973-05-20
253,1973-05-21
364,1973-05-22
277,1973-05-23
316,1973-05-24
357,1973-05-25
332,1973-05-26
298,1973-05-27
327,1973-05-28
315,1973-05-29
324,1973-05-30
330,1973-05-31
326,1973-06-01
333,1973-06-02
295,1973-06-03
346,1973-06-04
327,1973-06-05
316,1973-06-06
289,1973-06-07
346,1973-06-08
260,1973-06-09
382,1973-06-10
297,1973-06-11
299,1973-06-12
361,1973-06-13
358,1973-06-14
346,1973-06-15
274,1973-06-16
257,1973-06-17
269,1973-06-18
323,1973-06-19
318,1973-06-20
283,1973-06-21
297,1973-06-22
266,1973-06-23
316,1973-06-24
311,1973-06-25
268,1973-06-26
302,1973-06-27
323,1973-06-28
337,1973-06-29
352,1973-06-30
373,1973-07-01
309,1973-07-02
321,1973-07-03
314,1973-07-04
247,1973-07-05
255,1973-07-06
253,1973-07-07
271,1973-07-08
243,1973-07-09
310,1973-07-10
289,1973-07-11
269,1973-07-12
316,1973-07-13
334,1973-07-14
303,1973-07-15
311,1973-07-16
293,1973-07-17
298,1973-07-18
323,1973-07-19
352,1973-07-20
335,1973-07-21
312,1973-07-22
311,1973-07-23
337,1973-07-24
362,1973-07-25
319,1973-07-26
349,1973-07-27
377,1973-07-28
366,1973-07-29
331,1973-07-30
363,1973-07-31
335,1973-08-01
326,1973-08-02
316,1973-08-03
383,1973-08-04
349,1973-08-05
387,1973-08-06
416,1973-08-07
364,1973-08-08
381,1973-08-09
352,1973-08-10
373,1973-08-11
349,1973-08-12
340,1973-08-13
349,1973-08-14
190,1973-08-15
0,1973-08-16
0,1973-08-17
0,1973-08-18
0,1973-08-19
0,1973-08-20
0,1973-08-21
0,1973-08-22
0,1973-08-23
0,1973-08-24
0,1973-08-25
0,1973-08-26
0,1973-08-27
0,1973-08-28
0,1973-08-29
0,1973-08-30
0,1973-08-31
0,1973-09-01
