TOTAL_MISSIONS,DATE
355,10/1/65
927,10/2/65
1455,10/3/65
1928,10/4/65
2536,10/5/65
3095,10/6/65
3576,10/7/65
4161,10/8/65
4759,10/9/65
5491,10/10/65
5902,10/11/65
6287,10/12/65
6571,10/13/65
6927,10/14/65
7278,10/15/65
7707,10/16/65
7979,10/17/65
8358,10/18/65
8878,10/19/65
9357,10/20/65
9781,10/21/65
10285,10/22/65
10889,10/23/65
11412,10/24/65
11979,10/25/65
12645,10/26/65
13290,10/27/65
13770,10/28/65
14464,10/29/65
15190,10/30/65
15751,10/31/65
16426,11/1/65
17024,11/2/65
17508,11/3/65
18125,11/4/65
18697,11/5/65
19393,11/6/65
19935,11/7/65
20483,11/8/65
21095,11/9/65
21696,11/10/65
22425,11/11/65
23099,11/12/65
23864,11/13/65
24458,11/14/65
25112,11/15/65
25748,11/16/65
26417,11/17/65
27209,11/18/65
27921,11/19/65
28457,11/20/65
28999,11/21/65
29475,11/22/65
30071,11/23/65
30663,11/24/65
31162,11/25/65
31655,11/26/65
32054,11/27/65
32559,11/28/65
33144,11/29/65
33721,11/30/65
34254,12/1/65
34838,12/2/65
35475,12/3/65
36016,12/4/65
36598,12/5/65
37207,12/6/65
37800,12/7/65
38473,12/8/65
39200,12/9/65
39863,12/10/65
40496,12/11/65
41294,12/12/65
41982,12/13/65
42819,12/14/65
43499,12/15/65
44101,12/16/65
44572,12/17/65
44976,12/18/65
45499,12/19/65
45985,12/20/65
46590,12/21/65
47323,12/22/65
48004,12/23/65
48624,12/24/65
48634,12/25/65
49021,12/26/65
49588,12/27/65
50348,12/28/65
51072,12/29/65
51752,12/30/65
52408,12/31/65
52784,1/1/66
53267,1/2/66
53747,1/3/66
54238,1/4/66
54735,1/5/66
55279,1/6/66
55768,1/7/66
56269,1/8/66
56815,1/9/66
57297,1/10/66
57850,1/11/66
58292,1/12/66
58812,1/13/66
59256,1/14/66
59678,1/15/66
60180,1/16/66
60654,1/17/66
61094,1/18/66
61554,1/19/66
61750,1/20/66
61857,1/21/66
61971,1/22/66
62206,1/23/66
62685,1/24/66
63175,1/25/66
63655,1/26/66
64144,1/27/66
64529,1/28/66
64931,1/29/66
65431,1/30/66
66017,1/31/66
66589,2/1/66
67068,2/2/66
67647,2/3/66
68167,2/4/66
68568,2/5/66
69027,2/6/66
69587,2/7/66
70149,2/8/66
70652,2/9/66
71266,2/10/66
71834,2/11/66
72435,2/12/66
72931,2/13/66
73423,2/14/66
74021,2/15/66
74486,2/16/66
74957,2/17/66
75468,2/18/66
75923,2/19/66
76352,2/20/66
76822,2/21/66
77344,2/22/66
77747,2/23/66
78111,2/24/66
78568,2/25/66
79093,2/26/66
79725,2/27/66
80318,2/28/66
80941,3/1/66
81460,3/2/66
82049,3/3/66
82752,3/4/66
83335,3/5/66
84054,3/6/66
84776,3/7/66
85336,3/8/66
85815,3/9/66
86305,3/10/66
86792,3/11/66
87402,3/12/66
88089,3/13/66
88793,3/14/66
89366,3/15/66
89944,3/16/66
90581,3/17/66
91145,3/18/66
91677,3/19/66
92312,3/20/66
93001,3/21/66
93664,3/22/66
94334,3/23/66
95038,3/24/66
95591,3/25/66
96085,3/26/66
96577,3/27/66
97167,3/28/66
97790,3/29/66
98346,3/30/66
98946,3/31/66
99987,4/1/66
101027,4/2/66
102341,4/3/66
103487,4/4/66
104506,4/5/66
105579,4/6/66
106527,4/7/66
107409,4/8/66
108226,4/9/66
109024,4/10/66
109959,4/11/66
110800,4/12/66
111707,4/13/66
112827,4/14/66
113776,4/15/66
114813,4/16/66
115735,4/17/66
116652,4/18/66
117626,4/19/66
118591,4/20/66
119757,4/21/66
120863,4/22/66
122048,4/23/66
123123,4/24/66
124192,4/25/66
125349,4/26/66
126596,4/27/66
127962,4/28/66
129107,4/29/66
130221,4/30/66
130731,5/1/66
131171,5/2/66
131559,5/3/66
131868,5/4/66
132364,5/5/66
132806,5/6/66
133007,5/7/66
133403,5/8/66
133857,5/9/66
134501,5/10/66
135138,5/11/66
135737,5/12/66
136354,5/13/66
136844,5/14/66
137267,5/15/66
137700,5/16/66
138112,5/17/66
138565,5/18/66
139006,5/19/66
139416,5/20/66
139884,5/21/66
140409,5/22/66
140836,5/23/66
141361,5/24/66
141856,5/25/66
142297,5/26/66
142659,5/27/66
143107,5/28/66
143588,5/29/66
144019,5/30/66
144521,5/31/66
145084,6/1/66
145686,6/2/66
146283,6/3/66
146718,6/4/66
147237,6/5/66
147771,6/6/66
148352,6/7/66
148965,6/8/66
149556,6/9/66
150108,6/10/66
150692,6/11/66
151241,6/12/66
151780,6/13/66
152352,6/14/66
153017,6/15/66
153627,6/16/66
154196,6/17/66
154755,6/18/66
155347,6/19/66
155957,6/20/66
156542,6/21/66
157060,6/22/66
157638,6/23/66
158228,6/24/66
158760,6/25/66
159386,6/26/66
159967,6/27/66
160470,6/28/66
160998,6/29/66
161512,6/30/66
162022,7/1/66
162630,7/2/66
163217,7/3/66
163872,7/4/66
164592,7/5/66
165339,7/6/66
166003,7/7/66
166670,7/8/66
167362,7/9/66
168156,7/10/66
168894,7/11/66
169566,7/12/66
170237,7/13/66
170925,7/14/66
171601,7/15/66
172347,7/16/66
173060,7/17/66
173709,7/18/66
174512,7/19/66
175265,7/20/66
176034,7/21/66
176746,7/22/66
177423,7/23/66
178163,7/24/66
178734,7/25/66
179403,7/26/66
180215,7/27/66
180941,7/28/66
181752,7/29/66
182547,7/30/66
183294,7/31/66
183893,8/1/66
184298,8/2/66
184978,8/3/66
185679,8/4/66
186372,8/5/66
187137,8/6/66
187935,8/7/66
188729,8/8/66
189553,8/9/66
190258,8/10/66
191010,8/11/66
191762,8/12/66
192532,8/13/66
193311,8/14/66
194074,8/15/66
194839,8/16/66
195434,8/17/66
196131,8/18/66
196871,8/19/66
197578,8/20/66
198286,8/21/66
198881,8/22/66
199485,8/23/66
200279,8/24/66
201107,8/25/66
201908,8/26/66
202594,8/27/66
203237,8/28/66
203994,8/29/66
204752,8/30/66
205333,8/31/66
206204,9/1/66
207169,9/2/66
208214,9/3/66
209419,9/4/66
210583,9/5/66
211818,9/6/66
212774,9/7/66
213894,9/8/66
214977,9/9/66
215949,9/10/66
216845,9/11/66
217677,9/12/66
218503,9/13/66
219267,9/14/66
220187,9/15/66
221114,9/16/66
221945,9/17/66
222807,9/18/66
223705,9/19/66
224562,9/20/66
225460,9/21/66
226353,9/22/66
227165,9/23/66
227926,9/24/66
228738,9/25/66
229583,9/26/66
230585,9/27/66
231466,9/28/66
232474,9/29/66
233131,9/30/66
234143,10/1/66
235348,10/2/66
236522,10/3/66
237624,10/4/66
238400,10/5/66
239429,10/6/66
240581,10/7/66
241566,10/8/66
242510,10/9/66
243710,10/10/66
244635,10/11/66
245647,10/12/66
246691,10/13/66
247736,10/14/66
248522,10/15/66
249322,10/16/66
249929,10/17/66
250522,10/18/66
251204,10/19/66
251862,10/20/66
252555,10/21/66
253043,10/22/66
253479,10/23/66
254040,10/24/66
254635,10/25/66
255306,10/26/66
256155,10/27/66
256861,10/28/66
257608,10/29/66
258356,10/30/66
259141,10/31/66
260101,11/1/66
261220,11/2/66
262381,11/3/66
263493,11/4/66
264517,11/5/66
265525,11/6/66
266648,11/7/66
267675,11/8/66
268718,11/9/66
269611,11/10/66
270521,11/11/66
271183,11/12/66
272101,11/13/66
272862,11/14/66
273467,11/15/66
273999,11/16/66
274704,11/17/66
275409,11/18/66
276207,11/19/66
276998,11/20/66
277712,11/21/66
278590,11/22/66
279476,11/23/66
280583,11/24/66
281059,11/25/66
281583,11/26/66
282142,11/27/66
282838,11/28/66
283568,11/29/66
284216,11/30/66
284878,12/1/66
285570,12/2/66
286243,12/3/66
287194,12/4/66
288050,12/5/66
288837,12/6/66
289701,12/7/66
290545,12/8/66
291378,12/9/66
292279,12/10/66
293338,12/11/66
294393,12/12/66
295262,12/13/66
296052,12/14/66
296903,12/15/66
297724,12/16/66
298534,12/17/66
299514,12/18/66
300668,12/19/66
301783,12/20/66
302892,12/21/66
303648,12/22/66
304277,12/23/66
304443,12/24/66
304631,12/25/66
305378,12/26/66
306068,12/27/66
306688,12/28/66
307342,12/29/66
307930,12/30/66
308086,12/31/66
308163,1/1/67
308709,1/2/67
309405,1/3/67
310136,1/4/67
310945,1/5/67
311860,1/6/67
312678,1/7/67
313484,1/8/67
314377,1/9/67
315149,1/10/67
315971,1/11/67
317029,1/12/67
318025,1/13/67
318814,1/14/67
319653,1/15/67
320466,1/16/67
321396,1/17/67
322330,1/18/67
323411,1/19/67
324535,1/20/67
325652,1/21/67
326461,1/22/67
327272,1/23/67
328147,1/24/67
329129,1/25/67
330263,1/26/67
331284,1/27/67
332518,1/28/67
333616,1/29/67
334550,1/30/67
335557,1/31/67
336572,2/1/67
337627,2/2/67
338852,2/3/67
340080,2/4/67
341303,2/5/67
342606,2/6/67
343754,2/7/67
344104,2/8/67
344404,2/9/67
344725,2/10/67
345042,2/11/67
345918,2/12/67
347001,2/13/67
347953,2/14/67
349158,2/15/67
350335,2/16/67
351598,2/17/67
352739,2/18/67
353970,2/19/67
355271,2/20/67
356567,2/21/67
357744,2/22/67
358933,2/23/67
360115,2/24/67
361162,2/25/67
362069,2/26/67
363074,2/27/67
364110,2/28/67
365223,3/1/67
366399,3/2/67
367499,3/3/67
368443,3/4/67
369361,3/5/67
370159,3/6/67
370979,3/7/67
371916,3/8/67
372853,3/9/67
373535,3/10/67
374339,3/11/67
375300,3/12/67
376382,3/13/67
377547,3/14/67
378413,3/15/67
379426,3/16/67
380427,3/17/67
381289,3/18/67
382302,3/19/67
383251,3/20/67
384206,3/21/67
385092,3/22/67
386061,3/23/67
387004,3/24/67
387910,3/25/67
388949,3/26/67
390049,3/27/67
391189,3/28/67
392235,3/29/67
393358,3/30/67
394589,3/31/67
395715,4/1/67
396726,4/2/67
397798,4/3/67
398734,4/4/67
399692,4/5/67
400722,4/6/67
401792,4/7/67
402986,4/8/67
404112,4/9/67
405258,4/10/67
406334,4/11/67
407282,4/12/67
408095,4/13/67
409186,4/14/67
410346,4/15/67
411485,4/16/67
412596,4/17/67
413699,4/18/67
414917,4/19/67
415935,4/20/67
417214,4/21/67
418429,4/22/67
419547,4/23/67
420476,4/24/67
421555,4/25/67
422697,4/26/67
423852,4/27/67
425092,4/28/67
426206,4/29/67
427428,4/30/67
429702,5/1/67
431757,5/2/67
434166,5/3/67
436303,5/4/67
438647,5/5/67
440215,5/6/67
442476,5/7/67
444713,5/8/67
446990,5/9/67
449506,5/10/67
451949,5/11/67
454350,5/12/67
456440,5/13/67
458792,5/14/67
461085,5/15/67
463742,5/16/67
466228,5/17/67
468589,5/18/67
470910,5/19/67
473390,5/20/67
475713,5/21/67
478114,5/22/67
479001,5/23/67
481421,5/24/67
483667,5/25/67
486136,5/26/67
488238,5/27/67
490377,5/28/67
492531,5/29/67
494644,5/30/67
496745,5/31/67
497807,6/1/67
498874,6/2/67
499929,6/3/67
500714,6/4/67
501554,6/5/67
502378,6/6/67
503450,6/7/67
504356,6/8/67
505325,6/9/67
506405,6/10/67
507528,6/11/67
508555,6/12/67
509631,6/13/67
510804,6/14/67
511923,6/15/67
513230,6/16/67
514403,6/17/67
515669,6/18/67
516965,6/19/67
518210,6/20/67
519381,6/21/67
520657,6/22/67
521956,6/23/67
523107,6/24/67
524274,6/25/67
525312,6/26/67
526376,6/27/67
527546,6/28/67
528668,6/29/67
529587,6/30/67
530621,7/1/67
531735,7/2/67
532793,7/3/67
533939,7/4/67
535076,7/5/67
536209,7/6/67
537212,7/7/67
538279,7/8/67
539287,7/9/67
540220,7/10/67
541325,7/11/67
542389,7/12/67
543549,7/13/67
544571,7/14/67
545628,7/15/67
546659,7/16/67
547702,7/17/67
548800,7/18/67
549879,7/19/67
550911,7/20/67
552042,7/21/67
552999,7/22/67
554291,7/23/67
555501,7/24/67
556637,7/25/67
557842,7/26/67
558980,7/27/67
560039,7/28/67
561055,7/29/67
561995,7/30/67
563030,7/31/67
564067,8/1/67
565181,8/2/67
566433,8/3/67
567611,8/4/67
568707,8/5/67
569961,8/6/67
571294,8/7/67
572316,8/8/67
573389,8/9/67
574517,8/10/67
575789,8/11/67
577016,8/12/67
578075,8/13/67
579137,8/14/67
580389,8/15/67
581288,8/16/67
582410,8/17/67
583541,8/18/67
584933,8/19/67
586060,8/20/67
586931,8/21/67
588384,8/22/67
589603,8/23/67
590742,8/24/67
591630,8/25/67
592423,8/26/67
593527,8/27/67
594672,8/28/67
595862,8/29/67
596941,8/30/67
598020,8/31/67
600384,9/1/67
602788,9/2/67
605071,9/3/67
607238,9/4/67
609028,9/5/67
610681,9/6/67
612839,9/7/67
614788,9/8/67
616945,9/9/67
619097,9/10/67
621218,9/11/67
622978,9/12/67
624780,9/13/67
626134,9/14/67
627623,9/15/67
629086,9/16/67
630571,9/17/67
632161,9/18/67
633755,9/19/67
635718,9/20/67
637831,9/21/67
639542,9/22/67
641367,9/23/67
642827,9/24/67
644718,9/25/67
647071,9/26/67
649469,9/27/67
651778,9/28/67
654046,9/29/67
656078,9/30/67
656919,10/1/67
657975,10/2/67
658842,10/3/67
659823,10/4/67
660997,10/5/67
662213,10/6/67
663319,10/7/67
664069,10/8/67
664964,10/9/67
665935,10/10/67
666898,10/11/67
668086,10/12/67
669401,10/13/67
670616,10/14/67
671505,10/15/67
672596,10/16/67
673690,10/17/67
674767,10/18/67
675605,10/19/67
676593,10/20/67
677770,10/21/67
678927,10/22/67
680110,10/23/67
681306,10/24/67
682626,10/25/67
683871,10/26/67
685009,10/27/67
686240,10/28/67
687465,10/29/67
688791,10/30/67
690040,10/31/67
690050,11/1/67
690058,11/2/67
690066,11/3/67
690076,11/4/67
690088,11/5/67
690090,11/6/67
690100,11/7/67
690112,11/8/67
690120,11/9/67
690129,11/10/67
690141,11/11/67
690149,11/12/67
690154,11/13/67
690158,11/14/67
690168,11/15/67
690174,11/16/67
690180,11/17/67
690190,11/18/67
690200,11/19/67
690207,11/20/67
690213,11/21/67
690223,11/22/67
690229,11/23/67
690238,11/24/67
690242,11/25/67
690254,11/26/67
690262,11/27/67
690272,11/28/67
690279,11/29/67
690287,11/30/67
691282,12/1/67
692185,12/2/67
693339,12/3/67
694585,12/4/67
695787,12/5/67
696912,12/6/67
698025,12/7/67
699083,12/8/67
700314,12/9/67
701336,12/10/67
702311,12/11/67
703335,12/12/67
704276,12/13/67
705414,12/14/67
706604,12/15/67
707864,12/16/67
709144,12/17/67
710358,12/18/67
711668,12/19/67
712951,12/20/67
714118,12/21/67
715351,12/22/67
716746,12/23/67
717777,12/24/67
718594,12/25/67
720024,12/26/67
721369,12/27/67
722655,12/28/67
723689,12/29/67
724770,12/30/67
725705,12/31/67
726178,1/1/68
727561,1/2/68
728748,1/3/68
730190,1/4/68
731502,1/5/68
732764,1/6/68
733834,1/7/68
734978,1/8/68
736235,1/9/68
737434,1/10/68
738782,1/11/68
740152,1/12/68
741298,1/13/68
742593,1/14/68
743943,1/15/68
745290,1/16/68
746615,1/17/68
748072,1/18/68
749526,1/19/68
750851,1/20/68
752158,1/21/68
753690,1/22/68
754951,1/23/68
756255,1/24/68
757611,1/25/68
758998,1/26/68
760172,1/27/68
761416,1/28/68
762824,1/29/68
764111,1/30/68
765405,1/31/68
766840,2/1/68
768112,2/2/68
769393,2/3/68
770647,2/4/68
771915,2/5/68
773196,2/6/68
774471,2/7/68
775687,2/8/68
776930,2/9/68
778115,2/10/68
779330,2/11/68
780556,2/12/68
781766,2/13/68
783003,2/14/68
784188,2/15/68
785379,2/16/68
786629,2/17/68
787924,2/18/68
789214,2/19/68
790387,2/20/68
791513,2/21/68
792749,2/22/68
793906,2/23/68
794976,2/24/68
796044,2/25/68
797216,2/26/68
798625,2/27/68
800221,2/28/68
802884,2/29/68
804041,3/1/68
805184,3/2/68
806418,3/3/68
807635,3/4/68
808794,3/5/68
810248,3/6/68
811648,3/7/68
812989,3/8/68
814265,3/9/68
815511,3/10/68
816932,3/11/68
818223,3/12/68
819456,3/13/68
820994,3/14/68
822527,3/15/68
823949,3/16/68
825421,3/17/68
826621,3/18/68
828030,3/19/68
829495,3/20/68
830897,3/21/68
832221,3/22/68
833482,3/23/68
834718,3/24/68
835949,3/25/68
837152,3/26/68
838449,3/27/68
839759,3/28/68
840912,3/29/68
842066,3/30/68
843046,3/31/68
844041,4/1/68
845261,4/2/68
846433,4/3/68
847589,4/4/68
848935,4/5/68
850142,4/6/68
851449,4/7/68
852927,4/8/68
854567,4/9/68
856111,4/10/68
857248,4/11/68
858493,4/12/68
859797,4/13/68
861107,4/14/68
862624,4/15/68
864023,4/16/68
865681,4/17/68
867501,4/18/68
869056,4/19/68
870556,4/20/68
872180,4/21/68
873886,4/22/68
875405,4/23/68
876752,4/24/68
876772,4/25/68
876792,4/26/68
876812,4/27/68
876834,4/28/68
876858,4/29/68
876878,4/30/68
878004,5/1/68
879284,5/2/68
880951,5/3/68
882602,5/4/68
884323,5/5/68
885983,5/6/68
887706,5/7/68
889554,5/8/68
890975,5/9/68
892648,5/10/68
895853,5/11/68
898709,5/12/68
901707,5/13/68
904410,5/14/68
907343,5/15/68
910262,5/16/68
913060,5/17/68
916043,5/18/68
919085,5/19/68
921883,5/20/68
924818,5/21/68
928023,5/22/68
931068,5/23/68
933941,5/24/68
937084,5/25/68
940122,5/26/68
942978,5/27/68
945492,5/28/68
948241,5/29/68
950813,5/30/68
953330,5/31/68
955641,6/1/68
958337,6/2/68
961313,6/3/68
963829,6/4/68
966818,6/5/68
969816,6/6/68
973160,6/7/68
976049,6/8/68
979019,6/9/68
982019,6/10/68
985210,6/11/68
988279,6/12/68
991217,6/13/68
993912,6/14/68
996989,6/15/68
1000129,6/16/68
1002839,6/17/68
1005826,6/18/68
1009055,6/19/68
1012107,6/20/68
1014624,6/21/68
1017551,6/22/68
1020790,6/23/68
1023893,6/24/68
1026888,6/25/68
1029666,6/26/68
1032508,6/27/68
1035186,6/28/68
1037855,6/29/68
1040532,6/30/68
1041806,7/1/68
1043080,7/2/68
1044452,7/3/68
1045869,7/4/68
1047266,7/5/68
1048727,7/6/68
1050232,7/7/68
1051844,7/8/68
1053322,7/9/68
1054769,7/10/68
1056272,7/11/68
1057652,7/12/68
1059141,7/13/68
1060410,7/14/68
1061575,7/15/68
1062777,7/16/68
1063706,7/17/68
1065059,7/18/68
1066791,7/19/68
1068390,7/20/68
1069753,7/21/68
1071184,7/22/68
1072524,7/23/68
1073787,7/24/68
1075097,7/25/68
1076422,7/26/68
1076443,7/27/68
1076463,7/28/68
1076484,7/29/68
1076504,7/30/68
1076528,7/31/68
1078013,8/1/68
1079396,8/2/68
1080941,8/3/68
1082315,8/4/68
1083699,8/5/68
1085183,8/6/68
1086787,8/7/68
1088344,8/8/68
1090004,8/9/68
1091555,8/10/68
1092806,8/11/68
1093899,8/12/68
1094874,8/13/68
1096382,8/14/68
1097873,8/15/68
1099270,8/16/68
1100561,8/17/68
1101992,8/18/68
1103493,8/19/68
1105051,8/20/68
1106834,8/21/68
1108303,8/22/68
1110072,8/23/68
1111970,8/24/68
1113704,8/25/68
1115513,8/26/68
1116969,8/27/68
1118523,8/28/68
1119903,8/29/68
1121650,8/30/68
1123311,8/31/68
1125090,9/1/68
1127996,9/2/68
1130861,9/3/68
1132521,9/4/68
1134007,9/5/68
1136122,9/6/68
1139137,9/7/68
1142193,9/8/68
1145214,9/9/68
1148144,9/10/68
1151176,9/11/68
1154072,9/12/68
1156900,9/13/68
1160126,9/14/68
1163233,9/15/68
1166462,9/16/68
1169682,9/17/68
1172949,9/18/68
1176092,9/19/68
1179135,9/20/68
1181648,9/21/68
1184210,9/22/68
1187045,9/23/68
1189928,9/24/68
1192777,9/25/68
1195581,9/26/68
1198522,9/27/68
1201600,9/28/68
1204320,9/29/68
1207179,9/30/68
1208818,10/1/68
1210543,10/2/68
1212359,10/3/68
1214116,10/4/68
1215858,10/5/68
1217721,10/6/68
1219708,10/7/68
1221321,10/8/68
1222771,10/9/68
1224391,10/10/68
1226017,10/11/68
1227456,10/12/68
1228972,10/13/68
1230206,10/14/68
1231419,10/15/68
1232645,10/16/68
1233756,10/17/68
1234720,10/18/68
1235433,10/19/68
1236287,10/20/68
1237473,10/21/68
1238712,10/22/68
1240498,10/23/68
1242151,10/24/68
1243686,10/25/68
1245358,10/26/68
1246933,10/27/68
1248518,10/28/68
1249944,10/29/68
1251390,10/30/68
1252902,10/31/68
1253962,11/1/68
1255123,11/2/68
1256344,11/3/68
1257621,11/4/68
1258891,11/5/68
1260003,11/6/68
1261202,11/7/68
1262382,11/8/68
1263205,11/9/68
1264259,11/10/68
1265405,11/11/68
1266460,11/12/68
1267446,11/13/68
1268622,11/14/68
1269746,11/15/68
1270867,11/16/68
1271925,11/17/68
1273011,11/18/68
1274043,11/19/68
1275261,11/20/68
1276410,11/21/68
1277216,11/22/68
1278198,11/23/68
1279155,11/24/68
1280305,11/25/68
1281568,11/26/68
1282601,11/27/68
1283630,11/28/68
1284837,11/29/68
1286007,11/30/68
1287267,12/1/68
1288571,12/2/68
1289732,12/3/68
1291037,12/4/68
1292038,12/5/68
1293191,12/6/68
1294469,12/7/68
1295482,12/8/68
1296476,12/9/68
1297850,12/10/68
1299075,12/11/68
1299966,12/12/68
1301201,12/13/68
1302597,12/14/68
1303815,12/15/68
1305046,12/16/68
1306229,12/17/68
1307678,12/18/68
1309094,12/19/68
1310482,12/20/68
1311813,12/21/68
1312753,12/22/68
1314019,12/23/68
1315128,12/24/68
1315941,12/25/68
1317362,12/26/68
1318568,12/27/68
1319842,12/28/68
1321202,12/29/68
1322403,12/30/68
1323603,12/31/68
1324909,1/1/69
1326091,1/2/69
1327162,1/3/69
1328101,1/4/69
1329208,1/5/69
1330203,1/6/69
1331198,1/7/69
1332469,1/8/69
1333872,1/9/69
1335076,1/10/69
1336390,1/11/69
1337710,1/12/69
1338855,1/13/69
1340135,1/14/69
1341210,1/15/69
1342335,1/16/69
1343493,1/17/69
1344624,1/18/69
1345899,1/19/69
1347062,1/20/69
1348123,1/21/69
1349394,1/22/69
1350666,1/23/69
1351910,1/24/69
1353158,1/25/69
1354311,1/26/69
1355503,1/27/69
1356679,1/28/69
1357829,1/29/69
1359067,1/30/69
1360171,1/31/69
1361256,2/1/69
1362437,2/2/69
1363701,2/3/69
1364954,2/4/69
1365970,2/5/69
1367196,2/6/69
1368354,2/7/69
1369552,2/8/69
1370866,2/9/69
1372153,2/10/69
1373560,2/11/69
1374889,2/12/69
1376169,2/13/69
1377524,2/14/69
1378607,2/15/69
1379734,2/16/69
1380566,2/17/69
1381843,2/18/69
1382973,2/19/69
1384206,2/20/69
1385555,2/21/69
1386883,2/22/69
1388244,2/23/69
1389501,2/24/69
1390963,2/25/69
1392309,2/26/69
1393735,2/27/69
1394500,2/28/69
1395793,3/1/69
1397095,3/2/69
1397539,3/3/69
1397559,3/4/69
1397579,3/5/69
1397599,3/6/69
1397619,3/7/69
1397653,3/8/69
1397665,3/9/69
1397685,3/10/69
1397705,3/11/69
1397725,3/12/69
1397745,3/13/69
1397765,3/14/69
1397785,3/15/69
1397807,3/16/69
1397843,3/17/69
1397855,3/18/69
1397875,3/19/69
1397895,3/20/69
1397914,3/21/69
1397930,3/22/69
1397948,3/23/69
1397968,3/24/69
1397985,3/25/69
1398026,3/26/69
1399283,3/27/69
1400608,3/28/69
1401880,3/29/69
1402788,3/30/69
1403796,3/31/69
1404999,4/1/69
1406401,4/2/69
1407516,4/3/69
1408706,4/4/69
1409711,4/5/69
1411013,4/6/69
1412360,4/7/69
1413543,4/8/69
1414820,4/9/69
1416131,4/10/69
1417397,4/11/69
1418700,4/12/69
1419832,4/13/69
1421175,4/14/69
1422412,4/15/69
1423534,4/16/69
1424686,4/17/69
1425870,4/18/69
1427042,4/19/69
1428233,4/20/69
1429402,4/21/69
1430688,4/22/69
1431975,4/23/69
1432215,4/24/69
1432233,4/25/69
1432254,4/26/69
1432275,4/27/69
1432299,4/28/69
1432324,4/29/69
1432346,4/30/69
1433628,5/1/69
1434870,5/2/69
1436080,5/3/69
1437128,5/4/69
1438461,5/5/69
1439627,5/6/69
1441032,5/7/69
1442369,5/8/69
1443768,5/9/69
1445203,5/10/69
1446524,5/11/69
1447857,5/12/69
1449221,5/13/69
1450520,5/14/69
1451698,5/15/69
1453064,5/16/69
1454215,5/17/69
1455309,5/18/69
1456612,5/19/69
1457788,5/20/69
1458900,5/21/69
1460049,5/22/69
1461090,5/23/69
1462077,5/24/69
1462936,5/25/69
1463695,5/26/69
1464355,5/27/69
1465031,5/28/69
1465887,5/29/69
1466297,5/30/69
1467293,5/31/69
1468540,6/1/69
1469772,6/2/69
1472190,6/3/69
1474294,6/4/69
1476443,6/5/69
1478561,6/6/69
1480702,6/7/69
1482925,6/8/69
1485336,6/9/69
1487511,6/10/69
1489811,6/11/69
1491987,6/12/69
1494397,6/13/69
1496805,6/14/69
1499237,6/15/69
1501490,6/16/69
1503575,6/17/69
1505378,6/18/69
1507522,6/19/69
1509754,6/20/69
1511990,6/21/69
1514524,6/22/69
1517004,6/23/69
1519485,6/24/69
1521696,6/25/69
1523923,6/26/69
1526164,6/27/69
1528463,6/28/69
1530707,6/29/69
1532703,6/30/69
1533876,7/1/69
1535076,7/2/69
1536213,7/3/69
1537503,7/4/69
1538758,7/5/69
1539891,7/6/69
1540984,7/7/69
1542067,7/8/69
1543144,7/9/69
1544177,7/10/69
1545017,7/11/69
1546064,7/12/69
1547120,7/13/69
1548093,7/14/69
1549127,7/15/69
1550104,7/16/69
1551155,7/17/69
1552223,7/18/69
1553145,7/19/69
1554204,7/20/69
1555202,7/21/69
1556140,7/22/69
1557092,7/23/69
1557997,7/24/69
1558962,7/25/69
1559961,7/26/69
1560946,7/27/69
1561809,7/28/69
1562757,7/29/69
1563746,7/30/69
1564761,7/31/69
1565625,8/1/69
1566628,8/2/69
1567643,8/3/69
1568619,8/4/69
1569632,8/5/69
1570679,8/6/69
1571673,8/7/69
1572527,8/8/69
1573434,8/9/69
1574514,8/10/69
1575504,8/11/69
1576383,8/12/69
1577543,8/13/69
1578732,8/14/69
1579887,8/15/69
1580974,8/16/69
1582006,8/17/69
1583190,8/18/69
1584300,8/19/69
1585482,8/20/69
1586665,8/21/69
1587805,8/22/69
1588953,8/23/69
1590088,8/24/69
1591166,8/25/69
1592278,8/26/69
1593397,8/27/69
1594464,8/28/69
1595509,8/29/69
1596537,8/30/69
1597515,8/31/69
1598326,9/1/69
1599022,9/2/69
1599818,9/3/69
1600782,9/4/69
1601830,9/5/69
1602841,9/6/69
1603774,9/7/69
1604320,9/8/69
1604915,9/9/69
1605548,9/10/69
1606590,9/11/69
1607437,9/12/69
1608336,9/13/69
1609297,9/14/69
1610287,9/15/69
1611246,9/16/69
1612195,9/17/69
1612959,9/18/69
1613629,9/19/69
1614437,9/20/69
1615462,9/21/69
1616482,9/22/69
1617576,9/23/69
1618509,9/24/69
1619579,9/25/69
1620649,9/26/69
1621660,9/27/69
1622590,9/28/69
1623458,9/29/69
1624265,9/30/69
1625014,10/1/69
1625745,10/2/69
1626521,10/3/69
1627193,10/4/69
1627992,10/5/69
1628760,10/6/69
1629505,10/7/69
1630252,10/8/69
1631025,10/9/69
1631731,10/10/69
1632511,10/11/69
1633302,10/12/69
1634135,10/13/69
1634908,10/14/69
1635674,10/15/69
1636382,10/16/69
1637126,10/17/69
1637936,10/18/69
1638775,10/19/69
1639660,10/20/69
1640583,10/21/69
1641457,10/22/69
1642286,10/23/69
1643056,10/24/69
1643890,10/25/69
1644623,10/26/69
1645292,10/27/69
1646040,10/28/69
1646785,10/29/69
1647533,10/30/69
1648331,10/31/69
1649248,11/1/69
1650014,11/2/69
1650885,11/3/69
1651664,11/4/69
1652381,11/5/69
1653318,11/6/69
1654171,11/7/69
1655140,11/8/69
1656106,11/9/69
1657100,11/10/69
1658069,11/11/69
1659187,11/12/69
1660228,11/13/69
1661307,11/14/69
1662438,11/15/69
1663505,11/16/69
1664414,11/17/69
1665330,11/18/69
1666309,11/19/69
1667311,11/20/69
1668340,11/21/69
1669365,11/22/69
1670233,11/23/69
1670873,11/24/69
1671698,11/25/69
1672560,11/26/69
1673334,11/27/69
1674149,11/28/69
1674764,11/29/69
1675596,11/30/69
1676589,12/1/69
1677430,12/2/69
1678397,12/3/69
1679369,12/4/69
1680352,12/5/69
1681394,12/6/69
1682350,12/7/69
1683118,12/8/69
1683910,12/9/69
1684778,12/10/69
1685737,12/11/69
1686647,12/12/69
1687482,12/13/69
1688415,12/14/69
1689210,12/15/69
1689998,12/16/69
1690824,12/17/69
1691651,12/18/69
1692391,12/19/69
1693312,12/20/69
1694270,12/21/69
1695370,12/22/69
1696403,12/23/69
1697183,12/24/69
1697973,12/25/69
1699108,12/26/69
1699971,12/27/69
1700937,12/28/69
1702043,12/29/69
1703043,12/30/69
1704080,12/31/69
1705524,1/1/70
1707416,1/2/70
1709041,1/3/70
1710217,1/4/70
1711528,1/5/70
1713103,1/6/70
1714761,1/7/70
1716682,1/8/70
1718644,1/9/70
1720382,1/10/70
1722040,1/11/70
1723949,1/12/70
1725635,1/13/70
1727167,1/14/70
1728448,1/15/70
1729883,1/16/70
1731309,1/17/70
1732806,1/18/70
1734164,1/19/70
1735664,1/20/70
1737382,1/21/70
1739040,1/22/70
1740714,1/23/70
1742491,1/24/70
1744356,1/25/70
1746207,1/26/70
1747892,1/27/70
1749446,1/28/70
1751111,1/29/70
1752636,1/30/70
1754457,1/31/70
1756376,2/1/70
1758281,2/2/70
1760212,2/3/70
1762006,2/4/70
1763546,2/5/70
1764680,2/6/70
1766277,2/7/70
1768043,2/8/70
1769644,2/9/70
1770996,2/10/70
1772478,2/11/70
1774084,2/12/70
1775769,2/13/70
1777616,2/14/70
1779339,2/15/70
1780984,2/16/70
1782556,2/17/70
1784236,2/18/70
1785987,2/19/70
1787707,2/20/70
1789497,2/21/70
1791336,2/22/70
1792911,2/23/70
1794487,2/24/70
1796246,2/25/70
1798007,2/26/70
1799641,2/27/70
1801136,2/28/70
1802799,3/1/70
1804754,3/2/70
1806611,3/3/70
1808204,3/4/70
1809982,3/5/70
1812339,3/6/70
1814810,3/7/70
1816702,3/8/70
1818728,3/9/70
1820578,3/10/70
1822475,3/11/70
1824292,3/12/70
1826165,3/13/70
1827969,3/14/70
1829753,3/15/70
1831445,3/16/70
1833178,3/17/70
1835196,3/18/70
1837073,3/19/70
1838603,3/20/70
1839999,3/21/70
1841295,3/22/70
1843166,3/23/70
1845514,3/24/70
1847603,3/25/70
1849759,3/26/70
1851739,3/27/70
1853493,3/28/70
1854718,3/29/70
1857052,3/30/70
1859262,3/31/70
1860878,4/1/70
1862287,4/2/70
1863647,4/3/70
1865207,4/4/70
1866645,4/5/70
1868179,4/6/70
1869701,4/7/70
1871228,4/8/70
1872911,4/9/70
1874632,4/10/70
1875951,4/11/70
1877337,4/12/70
1878859,4/13/70
1880713,4/14/70
1882362,4/15/70
1883989,4/16/70
1885636,4/17/70
1887220,4/18/70
1888499,4/19/70
1889948,4/20/70
1891304,4/21/70
1892568,4/22/70
1893914,4/23/70
1895347,4/24/70
1896825,4/25/70
1898040,4/26/70
1899340,4/27/70
1900805,4/28/70
1902397,4/29/70
1903720,4/30/70
1904946,5/1/70
1906044,5/2/70
1907219,5/3/70
1908789,5/4/70
1910588,5/5/70
1912370,5/6/70
1914094,5/7/70
1915605,5/8/70
1917427,5/9/70
1919072,5/10/70
1920618,5/11/70
1922133,5/12/70
1923617,5/13/70
1924843,5/14/70
1925641,5/15/70
1926681,5/16/70
1927847,5/17/70
1929078,5/18/70
1930462,5/19/70
1931442,5/20/70
1932723,5/21/70
1934197,5/22/70
1935974,5/23/70
1937781,5/24/70
1939550,5/25/70
1941143,5/26/70
1942744,5/27/70
1944217,5/28/70
1945759,5/29/70
1947361,5/30/70
1948750,5/31/70
1950131,6/1/70
1951354,6/2/70
1952794,6/3/70
1954030,6/4/70
1955497,6/5/70
1956892,6/6/70
1958095,6/7/70
1959244,6/8/70
1960039,6/9/70
1961102,6/10/70
1962243,6/11/70
1963068,6/12/70
1963759,6/13/70
1964376,6/14/70
1965253,6/15/70
1966282,6/16/70
1967252,6/17/70
1968172,6/18/70
1969005,6/19/70
1970025,6/20/70
1970843,6/21/70
1971714,6/22/70
1972597,6/23/70
1973874,6/24/70
1975074,6/25/70
1976048,6/26/70
1977044,6/27/70
1977854,6/28/70
1979083,6/29/70
1980008,6/30/70
1980987,7/1/70
1982058,7/2/70
1983109,7/3/70
1984107,7/4/70
1984945,7/5/70
1985644,7/6/70
1986509,7/7/70
1987023,7/8/70
1987720,7/9/70
1988468,7/10/70
1989394,7/11/70
1990350,7/12/70
1991315,7/13/70
1992105,7/14/70
1992775,7/15/70
1993535,7/16/70
1994261,7/17/70
1995064,7/18/70
1996094,7/19/70
1997205,7/20/70
1998409,7/21/70
1999638,7/22/70
2000877,7/23/70
2002054,7/24/70
2003128,7/25/70
2004188,7/26/70
2005262,7/27/70
2006522,7/28/70
2007432,7/29/70
2008434,7/30/70
2009464,7/31/70
2010532,8/1/70
2011439,8/2/70
2012418,8/3/70
2013285,8/4/70
2014226,8/5/70
2015290,8/6/70
2016263,8/7/70
2017442,8/8/70
2018575,8/9/70
2019552,8/10/70
2020607,8/11/70
2021801,8/12/70
2022859,8/13/70
2023804,8/14/70
2024589,8/15/70
2025368,8/16/70
2025838,8/17/70
2026258,8/18/70
2026657,8/19/70
2027240,8/20/70
2027998,8/21/70
2028612,8/22/70
2029254,8/23/70
2029831,8/24/70
2030538,8/25/70
2031081,8/26/70
2031787,8/27/70
2032574,8/28/70
2033444,8/29/70
2034516,8/30/70
2035426,8/31/70
2036252,9/1/70
2037014,9/2/70
2038122,9/3/70
2039105,9/4/70
2039797,9/5/70
2040619,9/6/70
2041407,9/7/70
2042366,9/8/70
2043047,9/9/70
2043823,9/10/70
2044667,9/11/70
2045467,9/12/70
2046420,9/13/70
2047295,9/14/70
2048132,9/15/70
2048944,9/16/70
2049679,9/17/70
2050414,9/18/70
2051196,9/19/70
2051960,9/20/70
2052865,9/21/70
2053737,9/22/70
2054527,9/23/70
2055399,9/24/70
2056114,9/25/70
2056650,9/26/70
2057073,9/27/70
2057554,9/28/70
2058020,9/29/70
2058287,9/30/70
2058659,10/1/70
2059117,10/2/70
2059505,10/3/70
2060175,10/4/70
2061020,10/5/70
2061794,10/6/70
2062485,10/7/70
2063195,10/8/70
2063726,10/9/70
2064322,10/10/70
2064920,10/11/70
2065484,10/12/70
2065993,10/13/70
2066730,10/14/70
2067280,10/15/70
2067745,10/16/70
2068412,10/17/70
2069067,10/18/70
2069750,10/19/70
2070424,10/20/70
2070973,10/21/70
2071633,10/22/70
2072237,10/23/70
2072995,10/24/70
2073478,10/25/70
2074124,10/26/70
2074486,10/27/70
2074908,10/28/70
2075210,10/29/70
2075616,10/30/70
2076069,10/31/70
2076607,11/1/70
2077313,11/2/70
2078275,11/3/70
2079234,11/4/70
2080210,11/5/70
2081090,11/6/70
2081796,11/7/70
2082426,11/8/70
2083239,11/9/70
2083927,11/10/70
2084665,11/11/70
2085426,11/12/70
2086270,11/13/70
2087309,11/14/70
2088052,11/15/70
2088738,11/16/70
2089364,11/17/70
2090003,11/18/70
2090752,11/19/70
2091507,11/20/70
2091946,11/21/70
2092458,11/22/70
2093267,11/23/70
2094091,11/24/70
2095240,11/25/70
2096231,11/26/70
2097106,11/27/70
2097934,11/28/70
2098622,11/29/70
2099318,11/30/70
2100049,12/1/70
2100877,12/2/70
2101635,12/3/70
2102530,12/4/70
2103411,12/5/70
2104503,12/6/70
2105477,12/7/70
2106370,12/8/70
2107256,12/9/70
2108082,12/10/70
2109264,12/11/70
2110330,12/12/70
2111200,12/13/70
2112124,12/14/70
2113177,12/15/70
2114260,12/16/70
2115223,12/17/70
2116249,12/18/70
2117264,12/19/70
2118174,12/20/70
2118968,12/21/70
2119759,12/22/70
2120673,12/23/70
2121757,12/24/70
2122465,12/25/70
2123296,12/26/70
2124117,12/27/70
2125134,12/28/70
2126007,12/29/70
2126955,12/30/70
2127920,12/31/70
2128548,1/1/71
2129119,1/2/71
2129741,1/3/71
2130345,1/4/71
2131072,1/5/71
2131785,1/6/71
2132371,1/7/71
2133074,1/8/71
2133699,1/9/71
2134427,1/10/71
2135151,1/11/71
2135954,1/12/71
2136742,1/13/71
2137510,1/14/71
2138339,1/15/71
2139155,1/16/71
2139892,1/17/71
2140660,1/18/71
2141396,1/19/71
2142151,1/20/71
2142925,1/21/71
2143718,1/22/71
2144467,1/23/71
2145359,1/24/71
2146011,1/25/71
2146671,1/26/71
2147350,1/27/71
2148114,1/28/71
2148861,1/29/71
2149574,1/30/71
2150371,1/31/71
2151293,2/1/71
2152138,2/2/71
2152953,2/3/71
2153632,2/4/71
2154447,2/5/71
2155197,2/6/71
2156025,2/7/71
2156868,2/8/71
2157747,2/9/71
2158524,2/10/71
2159408,2/11/71
2160421,2/12/71
2161292,2/13/71
2162160,2/14/71
2162982,2/15/71
2163788,2/16/71
2164648,2/17/71
2165546,2/18/71
2166431,2/19/71
2167293,2/20/71
2168152,2/21/71
2169157,2/22/71
2170029,2/23/71
2170909,2/24/71
2171422,2/25/71
2172284,2/26/71
2173156,2/27/71
2174017,2/28/71
2174927,3/1/71
2175813,3/2/71
2176719,3/3/71
2177730,3/4/71
2178622,3/5/71
2179535,3/6/71
2180527,3/7/71
2181509,3/8/71
2182482,3/9/71
2183557,3/10/71
2184615,3/11/71
2185596,3/12/71
2186510,3/13/71
2187438,3/14/71
2188456,3/15/71
2189583,3/16/71
2190641,3/17/71
2191558,3/18/71
2192524,3/19/71
2193607,3/20/71
2194490,3/21/71
2195285,3/22/71
2196231,3/23/71
2197161,3/24/71
2198147,3/25/71
2199081,3/26/71
2200074,3/27/71
2200975,3/28/71
2202010,3/29/71
2202912,3/30/71
2203828,3/31/71
2204707,4/1/71
2205585,4/2/71
2206486,4/3/71
2207424,4/4/71
2208194,4/5/71
2209162,4/6/71
2210091,4/7/71
2211040,4/8/71
2211903,4/9/71
2212837,4/10/71
2213796,4/11/71
2214633,4/12/71
2215636,4/13/71
2216557,4/14/71
2217450,4/15/71
2218325,4/16/71
2219127,4/17/71
2220081,4/18/71
2221020,4/19/71
2221944,4/20/71
2222914,4/21/71
2223759,4/22/71
2224653,4/23/71
2225517,4/24/71
2226268,4/25/71
2227080,4/26/71
2227903,4/27/71
2228839,4/28/71
2229600,4/29/71
2230431,4/30/71
2231084,5/1/71
2231715,5/2/71
2232521,5/3/71
2233313,5/4/71
2234013,5/5/71
2234594,5/6/71
2235343,5/7/71
2236110,5/8/71
2236916,5/9/71
2237671,5/10/71
2238430,5/11/71
2239308,5/12/71
2240068,5/13/71
2240900,5/14/71
2241681,5/15/71
2242554,5/16/71
2243284,5/17/71
2243984,5/18/71
2244458,5/19/71
2245085,5/20/71
2245681,5/21/71
2246354,5/22/71
2247039,5/23/71
2247699,5/24/71
2248327,5/25/71
2248808,5/26/71
2249502,5/27/71
2250160,5/28/71
2250871,5/29/71
2251634,5/30/71
2252462,5/31/71
2253114,6/1/71
2253679,6/2/71
2254259,6/3/71
2254997,6/4/71
2255670,6/5/71
2256344,6/6/71
2256832,6/7/71
2257353,6/8/71
2257948,6/9/71
2258525,6/10/71
2259070,6/11/71
2259741,6/12/71
2260284,6/13/71
2260792,6/14/71
2261263,6/15/71
2261684,6/16/71
2262190,6/17/71
2262745,6/18/71
2263334,6/19/71
2263896,6/20/71
2264431,6/21/71
2264960,6/22/71
2265443,6/23/71
2265926,6/24/71
2266409,6/25/71
2266896,6/26/71
2267321,6/27/71
2267740,6/28/71
2268149,6/29/71
2268707,6/30/71
2269285,7/1/71
2269802,7/2/71
2270351,7/3/71
2270862,7/4/71
2271267,7/5/71
2271490,7/6/71
2271860,7/7/71
2272258,7/8/71
2272706,7/9/71
2273091,7/10/71
2273494,7/11/71
2273680,7/12/71
2273908,7/13/71
2274195,7/14/71
2274532,7/15/71
2274817,7/16/71
2275012,7/17/71
2275262,7/18/71
2275569,7/19/71
2275910,7/20/71
2276197,7/21/71
2276421,7/22/71
2276630,7/23/71
2276944,7/24/71
2277239,7/25/71
2277543,7/26/71
2277802,7/27/71
2278137,7/28/71
2278568,7/29/71
2278955,7/30/71
2279386,7/31/71
2279788,8/1/71
2280190,8/2/71
2280563,8/3/71
2280878,8/4/71
2281179,8/5/71
2281494,8/6/71
2281761,8/7/71
2282000,8/8/71
2282253,8/9/71
2282523,8/10/71
2282830,8/11/71
2283105,8/12/71
2283389,8/13/71
2283726,8/14/71
2284143,8/15/71
2284568,8/16/71
2284904,8/17/71
2285202,8/18/71
2285418,8/19/71
2285659,8/20/71
2285995,8/21/71
2286330,8/22/71
2286617,8/23/71
2286981,8/24/71
2287300,8/25/71
2287579,8/26/71
2287910,8/27/71
2288243,8/28/71
2288582,8/29/71
2288915,8/30/71
2289222,8/31/71
2289481,9/1/71
2289775,9/2/71
2290102,9/3/71
2290487,9/4/71
2290799,9/5/71
2291138,9/6/71
2291513,9/7/71
2291883,9/8/71
2292292,9/9/71
2292633,9/10/71
2292967,9/11/71
2293299,9/12/71
2293661,9/13/71
2294019,9/14/71
2294373,9/15/71
2294631,9/16/71
2294972,9/17/71
2295252,9/18/71
2295449,9/19/71
2295678,9/20/71
2296009,9/21/71
2296355,9/22/71
2296686,9/23/71
2296994,9/24/71
2297304,9/25/71
2297613,9/26/71
2297980,9/27/71
2298338,9/28/71
2298682,9/29/71
2298932,9/30/71
2299283,10/1/71
2299627,10/2/71
2300033,10/3/71
2300394,10/4/71
2300713,10/5/71
2300920,10/6/71
2301083,10/7/71
2301293,10/8/71
2301425,10/9/71
2301561,10/10/71
2301769,10/11/71
2302097,10/12/71
2302398,10/13/71
2302710,10/14/71
2303068,10/15/71
2303484,10/16/71
2303855,10/17/71
2304256,10/18/71
2304661,10/19/71
2305040,10/20/71
2305385,10/21/71
2305577,10/22/71
2305678,10/23/71
2305807,10/24/71
2306093,10/25/71
2306260,10/26/71
2306469,10/27/71
2306723,10/28/71
2306979,10/29/71
2307325,10/30/71
2307793,10/31/71
2308179,11/1/71
2308646,11/2/71
2309143,11/3/71
2309620,11/4/71
2310081,11/5/71
2310513,11/6/71
2310983,11/7/71
2311406,11/8/71
2311810,11/9/71
2312306,11/10/71
2312837,11/11/71
2313322,11/12/71
2313771,11/13/71
2314104,11/14/71
2314632,11/15/71
2315106,11/16/71
2315660,11/17/71
2316151,11/18/71
2316599,11/19/71
2317113,11/20/71
2317746,11/21/71
2318280,11/22/71
2318766,11/23/71
2319198,11/24/71
2319592,11/25/71
2320060,11/26/71
2320560,11/27/71
2321005,11/28/71
2321280,11/29/71
2321635,11/30/71
2322158,12/1/71
2322661,12/2/71
2323089,12/3/71
2323745,12/4/71
2324426,12/5/71
2325079,12/6/71
2325674,12/7/71
2326274,12/8/71
2326888,12/9/71
2327393,12/10/71
2327840,12/11/71
2328404,12/12/71
2328977,12/13/71
2329534,12/14/71
2330180,12/15/71
2330791,12/16/71
2331368,12/17/71
2331704,12/18/71
2332054,12/19/71
2332315,12/20/71
2332699,12/21/71
2333196,12/22/71
2333720,12/23/71
2334308,12/24/71
2334687,12/25/71
2335054,12/26/71
2335509,12/27/71
2335961,12/28/71
2336444,12/29/71
2336934,12/30/71
2337354,12/31/71
2337727,1/1/72
2338184,1/2/72
2338518,1/3/72
2338882,1/4/72
2339315,1/5/72
2339757,1/6/72
2340232,1/7/72
2340740,1/8/72
2341264,1/9/72
2341797,1/10/72
2342325,1/11/72
2342803,1/12/72
2343186,1/13/72
2343555,1/14/72
2344109,1/15/72
2344732,1/16/72
2345290,1/17/72
2345922,1/18/72
2346555,1/19/72
2347114,1/20/72
2347764,1/21/72
2348482,1/22/72
2349252,1/23/72
2349896,1/24/72
2350490,1/25/72
2351080,1/26/72
2351720,1/27/72
2352336,1/28/72
2353023,1/29/72
2353761,1/30/72
2354405,1/31/72
2355085,2/1/72
2355624,2/2/72
2356224,2/3/72
2356795,2/4/72
2357401,2/5/72
2357932,2/6/72
2358338,2/7/72
2358613,2/8/72
2358885,2/9/72
2359245,2/10/72
2359975,2/11/72
2360748,2/12/72
2361437,2/13/72
2362200,2/14/72
2363067,2/15/72
2363804,2/16/72
2364530,2/17/72
2365220,2/18/72
2365988,2/19/72
2366715,2/20/72
2367458,2/21/72
2368127,2/22/72
2368693,2/23/72
2369269,2/24/72
2369863,2/25/72
2370541,2/26/72
2371256,2/27/72
2371792,2/28/72
2372272,2/29/72
2372960,3/1/72
2373694,3/2/72
2374433,3/3/72
2375153,3/4/72
2375928,3/5/72
2376607,3/6/72
2377274,3/7/72
2377934,3/8/72
2378533,3/9/72
2379160,3/10/72
2379746,3/11/72
2380284,3/12/72
2381005,3/13/72
2381730,3/14/72
2382397,3/15/72
2383103,3/16/72
2383854,3/17/72
2384438,3/18/72
2385102,3/19/72
2385672,3/20/72
2386275,3/21/72
2386914,3/22/72
2387457,3/23/72
2388080,3/24/72
2388537,3/25/72
2389067,3/26/72
2389629,3/27/72
2390254,3/28/72
2390867,3/29/72
2391376,3/30/72
2391831,3/31/72
2392325,4/1/72
2392756,4/2/72
2393223,4/3/72
2393739,4/4/72
2394248,4/5/72
2394804,4/6/72
2395440,4/7/72
2395928,4/8/72
2396400,4/9/72
2396921,4/10/72
2397440,4/11/72
2398023,4/12/72
2398592,4/13/72
2399315,4/14/72
2399880,4/15/72
2400649,4/16/72
2401364,4/17/72
2402070,4/18/72
2402904,4/19/72
2403713,4/20/72
2404343,4/21/72
2405048,4/22/72
2405710,4/23/72
2406282,4/24/72
2407036,4/25/72
2407869,4/26/72
2408596,4/27/72
2409347,4/28/72
2410069,4/29/72
2411055,4/30/72
2412104,5/1/72
2413108,5/2/72
2414078,5/3/72
2415015,5/4/72
2415826,5/5/72
2416703,5/6/72
2417669,5/7/72
2418687,5/8/72
2419579,5/9/72
2420373,5/10/72
2421044,5/11/72
2421760,5/12/72
2422568,5/13/72
2423372,5/14/72
2424209,5/15/72
2425162,5/16/72
2426021,5/17/72
2426892,5/18/72
2427840,5/19/72
2428686,5/20/72
2429534,5/21/72
2430453,5/22/72
2431369,5/23/72
2432377,5/24/72
2433232,5/25/72
2434012,5/26/72
2435010,5/27/72
2435925,5/28/72
2436962,5/29/72
2437748,5/30/72
2438378,5/31/72
2439095,6/1/72
2439666,6/2/72
2440284,6/3/72
2440860,6/4/72
2441699,6/5/72
2442445,6/6/72
2443302,6/7/72
2444180,6/8/72
2445054,6/9/72
2445860,6/10/72
2446877,6/11/72
2447887,6/12/72
2448762,6/13/72
2449737,6/14/72
2450740,6/15/72
2451763,6/16/72
2452678,6/17/72
2453605,6/18/72
2454492,6/19/72
2455375,6/20/72
2456290,6/21/72
2457238,6/22/72
2458239,6/23/72
2459087,6/24/72
2459917,6/25/72
2460740,6/26/72
2461482,6/27/72
2462391,6/28/72
2463206,6/29/72
2463928,6/30/72
2464561,7/1/72
2465332,7/2/72
2466132,7/3/72
2466808,7/4/72
2467525,7/5/72
2468265,7/6/72
2468975,7/7/72
2469714,7/8/72
2470514,7/9/72
2471290,7/10/72
2472046,7/11/72
2472757,7/12/72
2473530,7/13/72
2474272,7/14/72
2474880,7/15/72
2475520,7/16/72
2476289,7/17/72
2477132,7/18/72
2477901,7/19/72
2478764,7/20/72
2479698,7/21/72
2480575,7/22/72
2481393,7/23/72
2482228,7/24/72
2483082,7/25/72
2483811,7/26/72
2484465,7/27/72
2485014,7/28/72
2485755,7/29/72
2486500,7/30/72
2487260,7/31/72
2488075,8/1/72
2488943,8/2/72
2489850,8/3/72
2490611,8/4/72
2491254,8/5/72
2491817,8/6/72
2492568,8/7/72
2493327,8/8/72
2494023,8/9/72
2494807,8/10/72
2495563,8/11/72
2496217,8/12/72
2496944,8/13/72
2497675,8/14/72
2498472,8/15/72
2499347,8/16/72
2500316,8/17/72
2501162,8/18/72
2502012,8/19/72
2503008,8/20/72
2503905,8/21/72
2504887,8/22/72
2505782,8/23/72
2506639,8/24/72
2507375,8/25/72
2508163,8/26/72
2508963,8/27/72
2509731,8/28/72
2510695,8/29/72
2511594,8/30/72
2512363,8/31/72
2513177,9/1/72
2513639,9/2/72
2514031,9/3/72
2514470,9/4/72
2514932,9/5/72
2515534,9/6/72
2516260,9/7/72
2516882,9/8/72
2517504,9/9/72
2518184,9/10/72
2518829,9/11/72
2519505,9/12/72
2520229,9/13/72
2520876,9/14/72
2521379,9/15/72
2521912,9/16/72
2522418,9/17/72
2523039,9/18/72
2523611,9/19/72
2524448,9/20/72
2525324,9/21/72
2526169,9/22/72
2526920,9/23/72
2527610,9/24/72
2528219,9/25/72
2528889,9/26/72
2529692,9/27/72
2530363,9/28/72
2531095,9/29/72
2531710,9/30/72
2532240,10/1/72
2532562,10/2/72
2532894,10/3/72
2533280,10/4/72
2533835,10/5/72
2534382,10/6/72
2534967,10/7/72
2535562,10/8/72
2536175,10/9/72
2536738,10/10/72
2537189,10/11/72
2537667,10/12/72
2538281,10/13/72
2538986,10/14/72
2539683,10/15/72
2540390,10/16/72
2541001,10/17/72
2541702,10/18/72
2542355,10/19/72
2543029,10/20/72
2543711,10/21/72
2544214,10/22/72
2544853,10/23/72
2545534,10/24/72
2546223,10/25/72
2546775,10/26/72
2547404,10/27/72
2548142,10/28/72
2548906,10/29/72
2549724,10/30/72
2550494,10/31/72
2551303,11/1/72
2552164,11/2/72
2552943,11/3/72
2553684,11/4/72
2554441,11/5/72
2555131,11/6/72
2555540,11/7/72
2556131,11/8/72
2556882,11/9/72
2557633,11/10/72
2558352,11/11/72
2559130,11/12/72
2560118,11/13/72
2561153,11/14/72
2562138,11/15/72
2562865,11/16/72
2563367,11/17/72
2563841,11/18/72
2564465,11/19/72
2565037,11/20/72
2565576,11/21/72
2566230,11/22/72
2566805,11/23/72
2567423,11/24/72
2568048,11/25/72
2568695,11/26/72
2569377,11/27/72
2569975,11/28/72
2570540,11/29/72
2571160,11/30/72
2571734,12/1/72
2572303,12/2/72
2573006,12/3/72
2573779,12/4/72
2574490,12/5/72
2575142,12/6/72
2575740,12/7/72
2576296,12/8/72
2576890,12/9/72
2577474,12/10/72
2578176,12/11/72
2578812,12/12/72
2579327,12/13/72
2579961,12/14/72
2580625,12/15/72
2581233,12/16/72
2581911,12/17/72
2582435,12/18/72
2582994,12/19/72
2583442,12/20/72
2583955,12/21/72
2584389,12/22/72
2584876,12/23/72
2585241,12/24/72
2585318,12/25/72
2585735,12/26/72
2586263,12/27/72
2586765,12/28/72
2587227,12/29/72
2587834,12/30/72
2588400,12/31/72
2588596,1/1/73
2589278,1/2/73
2589946,1/3/73
2590655,1/4/73
2591385,1/5/73
2592087,1/6/73
2592802,1/7/73
2593416,1/8/73
2594257,1/9/73
2595076,1/10/73
2595761,1/11/73
2596550,1/12/73
2597290,1/13/73
2598051,1/14/73
2598825,1/15/73
2599632,1/16/73
2600411,1/17/73
2601162,1/18/73
2601978,1/19/73
2602722,1/20/73
2603487,1/21/73
2604336,1/22/73
2605201,1/23/73
2605994,1/24/73
2606780,1/25/73
2607630,1/26/73
2608455,1/27/73
2608799,1/28/73
2609158,1/29/73
2609527,1/30/73
2609885,1/31/73
2610302,2/1/73
2610803,2/2/73
2611262,2/3/73
2611753,2/4/73
2612218,2/5/73
2612747,2/6/73
2613228,2/7/73
2613711,2/8/73
2614194,2/9/73
2614770,2/10/73
2615330,2/11/73
2615898,2/12/73
2616433,2/13/73
2617039,2/14/73
2617640,2/15/73
2618233,2/16/73
2618748,2/17/73
2619248,2/18/73
2619673,2/19/73
2620074,2/20/73
2620718,2/21/73
2620942,2/22/73
2620965,2/23/73
2621034,2/24/73
2621220,2/25/73
2621284,2/26/73
2621310,2/27/73
2621335,2/28/73
2621382,3/1/73
2621416,3/2/73
2621456,3/3/73
2621487,3/4/73
2621524,3/5/73
2621582,3/6/73
2621632,3/7/73
2621674,3/8/73
2621754,3/9/73
2621899,3/10/73
2622060,3/11/73
2622255,3/12/73
2622526,3/13/73
2622835,3/14/73
2623076,3/15/73
2623395,3/16/73
2623816,3/17/73
2624202,3/18/73
2624570,3/19/73
2624952,3/20/73
2625326,3/21/73
2625736,3/22/73
2626132,3/23/73
2626505,3/24/73
2626821,3/25/73
2627208,3/26/73
2627530,3/27/73
2627851,3/28/73
2628184,3/29/73
2628511,3/30/73
2628841,3/31/73
2629129,4/1/73
2629415,4/2/73
2629717,4/3/73
2629967,4/4/73
2630270,4/5/73
2630574,4/6/73
2630934,4/7/73
2631288,4/8/73
2631603,4/9/73
2631965,4/10/73
2632293,4/11/73
2632554,4/12/73
2632835,4/13/73
2633187,4/14/73
2633535,4/15/73
2633909,4/16/73
2634273,4/17/73
2634558,4/18/73
2634871,4/19/73
2635193,4/20/73
2635484,4/21/73
2635824,4/22/73
2636194,4/23/73
2636567,4/24/73
2636899,4/25/73
2637188,4/26/73
2637485,4/27/73
2637831,4/28/73
2638178,4/29/73
2638559,4/30/73
2638855,5/1/73
2639141,5/2/73
2639434,5/3/73
2639789,5/4/73
2640095,5/5/73
2640428,5/6/73
2640794,5/7/73
2641138,5/8/73
2641460,5/9/73
2641760,5/10/73
2642128,5/11/73
2642478,5/12/73
2642820,5/13/73
2643113,5/14/73
2643524,5/15/73
2643890,5/16/73
2644269,5/17/73
2644607,5/18/73
2644959,5/19/73
2645381,5/20/73
2645634,5/21/73
2645998,5/22/73
2646275,5/23/73
2646591,5/24/73
2646948,5/25/73
2647280,5/26/73
2647578,5/27/73
2647905,5/28/73
2648220,5/29/73
2648544,5/30/73
2648874,5/31/73
2649200,6/1/73
2649533,6/2/73
2649828,6/3/73
2650174,6/4/73
2650501,6/5/73
2650817,6/6/73
2651106,6/7/73
2651452,6/8/73
2651712,6/9/73
2652094,6/10/73
2652391,6/11/73
2652690,6/12/73
2653051,6/13/73
2653409,6/14/73
2653755,6/15/73
2654029,6/16/73
2654286,6/17/73
2654555,6/18/73
2654878,6/19/73
2655196,6/20/73
2655479,6/21/73
2655776,6/22/73
2656042,6/23/73
2656358,6/24/73
2656669,6/25/73
2656937,6/26/73
2657239,6/27/73
2657562,6/28/73
2657899,6/29/73
2658251,6/30/73
2658624,7/1/73
2658933,7/2/73
2659254,7/3/73
2659568,7/4/73
2659815,7/5/73
2660070,7/6/73
2660323,7/7/73
2660594,7/8/73
2660837,7/9/73
2661147,7/10/73
2661436,7/11/73
2661705,7/12/73
2662021,7/13/73
2662355,7/14/73
2662658,7/15/73
2662969,7/16/73
2663262,7/17/73
2663560,7/18/73
2663883,7/19/73
2664235,7/20/73
2664570,7/21/73
2664882,7/22/73
2665193,7/23/73
2665530,7/24/73
2665892,7/25/73
2666211,7/26/73
2666560,7/27/73
2666937,7/28/73
2667303,7/29/73
2667634,7/30/73
2667997,7/31/73
2668332,8/1/73
2668658,8/2/73
2668974,8/3/73
2669357,8/4/73
2669706,8/5/73
2670093,8/6/73
2670509,8/7/73
2670873,8/8/73
2671254,8/9/73
2671606,8/10/73
2671979,8/11/73
2672328,8/12/73
2672668,8/13/73
2673017,8/14/73
2673207,8/15/73
2673207,8/16/73
2673207,8/17/73
2673207,8/18/73
2673207,8/19/73
2673207,8/20/73
2673207,8/21/73
2673207,8/22/73
2673207,8/23/73
2673207,8/24/73
2673207,8/25/73
2673207,8/26/73
2673207,8/27/73
2673207,8/28/73
2673207,8/29/73
2673207,8/30/73
2673207,8/31/73
2673207,9/1/73